CREATE DATABASE  IF NOT EXISTS `bank` /*!40100 DEFAULT CHARACTER SET utf8mb4 COLLATE utf8mb4_general_ci */ /*!80016 DEFAULT ENCRYPTION='N' */;
USE `bank`;
-- MySQL dump 10.13  Distrib 8.0.19, for Win64 (x86_64)
--
-- Host: localhost    Database: bank
-- ------------------------------------------------------
-- Server version	8.0.19

/*!40101 SET @OLD_CHARACTER_SET_CLIENT=@@CHARACTER_SET_CLIENT */;
/*!40101 SET @OLD_CHARACTER_SET_RESULTS=@@CHARACTER_SET_RESULTS */;
/*!40101 SET @OLD_COLLATION_CONNECTION=@@COLLATION_CONNECTION */;
/*!50503 SET NAMES utf8 */;
/*!40103 SET @OLD_TIME_ZONE=@@TIME_ZONE */;
/*!40103 SET TIME_ZONE='+00:00' */;
/*!40014 SET @OLD_UNIQUE_CHECKS=@@UNIQUE_CHECKS, UNIQUE_CHECKS=0 */;
/*!40014 SET @OLD_FOREIGN_KEY_CHECKS=@@FOREIGN_KEY_CHECKS, FOREIGN_KEY_CHECKS=0 */;
/*!40101 SET @OLD_SQL_MODE=@@SQL_MODE, SQL_MODE='NO_AUTO_VALUE_ON_ZERO' */;
/*!40111 SET @OLD_SQL_NOTES=@@SQL_NOTES, SQL_NOTES=0 */;

--
-- Table structure for table `bank`
--

DROP TABLE IF EXISTS `bank`;
/*!40101 SET @saved_cs_client     = @@character_set_client */;
/*!50503 SET character_set_client = utf8mb4 */;
CREATE TABLE `bank` (
  `Universal_id` char(5) CHARACTER SET utf8 COLLATE utf8_unicode_ci NOT NULL,
  `bank_id` char(10) CHARACTER SET utf8 COLLATE utf8_unicode_ci NOT NULL,
  `bank_name` varchar(20) CHARACTER SET utf8 COLLATE utf8_unicode_ci NOT NULL,
  `branch_id` int NOT NULL,
  `branch_name` varchar(20) CHARACTER SET utf8 COLLATE utf8_unicode_ci DEFAULT NULL,
  `branch_contact_number` int DEFAULT NULL,
  `number_of_customer` int DEFAULT NULL,
  `total_assets` float DEFAULT NULL,
  `ROI_for_loans` float DEFAULT NULL,
  `ROI_for_savings` float DEFAULT NULL,
  `ROI_for_current` float DEFAULT NULL,
  `no_of_fds` int DEFAULT NULL,
  `min_acc_balance` int DEFAULT NULL,
  `annual_share_govt` float DEFAULT NULL,
  `loan_taken` int DEFAULT NULL,
  `money_lent` int NOT NULL,
  PRIMARY KEY (`bank_id`,`Universal_id`)
) ENGINE=InnoDB DEFAULT CHARSET=utf8 COLLATE=utf8_unicode_ci;
/*!40101 SET character_set_client = @saved_cs_client */;

--
-- Dumping data for table `bank`
--

LOCK TABLES `bank` WRITE;
/*!40000 ALTER TABLE `bank` DISABLE KEYS */;
INSERT INTO `bank` VALUES ('B102','BANK100001','SBI',100001,'Okhla',1234567890,0,7700000,15,4,10,0,10000,770000,0,0),('B104','BANK100002','UBI',100001,'Vasant Kunj',1234567891,0,9800000,13.5,4.5,11,0,10000,980000,0,0),('B106','BANK100003','BOB',100001,'Vasant Kunj',1234567892,0,11900000,14,6,11,0,0,1190000,0,0),('B108','BANK100004','HDFC',100001,'Kalkaji',1234567893,0,14000000,12.5,7,11,0,0,1400000,0,0),('B110','BANK100005','HSBC',100001,'Nehru Place',1234567894,0,161000000,12,4,10.5,0,0,16100000,0,0),('B112','BANK100006','PNB',100001,'Nehru Place',1234567895,0,182000,12,5.5,10,0,5000,18200,0,0);
/*!40000 ALTER TABLE `bank` ENABLE KEYS */;
UNLOCK TABLES;

--
-- Table structure for table `bank_customer`
--

DROP TABLE IF EXISTS `bank_customer`;
/*!40101 SET @saved_cs_client     = @@character_set_client */;
/*!50503 SET character_set_client = utf8mb4 */;
CREATE TABLE `bank_customer` (
  `Name` varchar(20) CHARACTER SET utf8 COLLATE utf8_unicode_ci NOT NULL,
  `Customer_ID` int NOT NULL,
  `Bank_ID` char(10) CHARACTER SET utf8 COLLATE utf8_unicode_ci NOT NULL,
  `Age` int NOT NULL,
  `Account_No` int NOT NULL,
  `Govt_ID` int NOT NULL,
  `Account_Type` varchar(20) CHARACTER SET utf8 COLLATE utf8_unicode_ci NOT NULL,
  `Profession` varchar(20) CHARACTER SET utf8 COLLATE utf8_unicode_ci NOT NULL,
  `Contact_No` int NOT NULL,
  `State` varchar(20) CHARACTER SET utf8 COLLATE utf8_unicode_ci NOT NULL,
  `Branch_ID` int NOT NULL,
  `Latest_Transaction` varchar(30) CHARACTER SET utf8 COLLATE utf8_unicode_ci NOT NULL,
  `Fixed_Deposit` varchar(30) CHARACTER SET utf8 COLLATE utf8_unicode_ci NOT NULL,
  `Bank_Balance` int NOT NULL,
  `Monthly_Salary` int NOT NULL,
  `Username` varchar(11) CHARACTER SET utf8 COLLATE utf8_unicode_ci NOT NULL,
  `Email_ID` varchar(20) CHARACTER SET utf8 COLLATE utf8_unicode_ci NOT NULL,
  `Tax_Bracket` int NOT NULL,
  `Loan_EMI` varchar(15) CHARACTER SET utf8 COLLATE utf8_unicode_ci NOT NULL,
  `Account_Opening_Date` varchar(20) CHARACTER SET utf8 COLLATE utf8_unicode_ci NOT NULL,
  PRIMARY KEY (`Customer_ID`),
  KEY `Bank_ID` (`Bank_ID`),
  CONSTRAINT `Bank_customer_ibfk_1` FOREIGN KEY (`Customer_ID`) REFERENCES `customer_personal_detail` (`Customer_id`),
  CONSTRAINT `Bank_customer_ibfk_2` FOREIGN KEY (`Bank_ID`) REFERENCES `bank` (`bank_id`)
) ENGINE=InnoDB DEFAULT CHARSET=utf8 COLLATE=utf8_unicode_ci;
/*!40101 SET character_set_client = @saved_cs_client */;

--
-- Dumping data for table `bank_customer`
--

LOCK TABLES `bank_customer` WRITE;
/*!40000 ALTER TABLE `bank_customer` DISABLE KEYS */;
/*!40000 ALTER TABLE `bank_customer` ENABLE KEYS */;
UNLOCK TABLES;

--
-- Table structure for table `bank_loan_detail`
--

DROP TABLE IF EXISTS `bank_loan_detail`;
/*!40101 SET @saved_cs_client     = @@character_set_client */;
/*!50503 SET character_set_client = utf8mb4 */;
CREATE TABLE `bank_loan_detail` (
  `loan_id` int NOT NULL,
  `bank_id` char(10) NOT NULL,
  `loan_type` set('Car','Home','Business','Personal','Extra') NOT NULL,
  `interest` int NOT NULL,
  `max_period` int NOT NULL,
  PRIMARY KEY (`loan_id`)
) ENGINE=InnoDB DEFAULT CHARSET=utf8mb4 COLLATE=utf8mb4_general_ci;
/*!40101 SET character_set_client = @saved_cs_client */;

--
-- Dumping data for table `bank_loan_detail`
--

LOCK TABLES `bank_loan_detail` WRITE;
/*!40000 ALTER TABLE `bank_loan_detail` DISABLE KEYS */;
INSERT INTO `bank_loan_detail` VALUES (1,'BANK100001','Car',10,400),(2,'BANK100002','Personal',20,510),(3,'BANK100003','Business',11,650),(4,'BANK100004','Home',12,450),(5,'BANK100005','Car',9,650),(6,'BANK100006','Extra',8,12),(7,'BANK100001','Home',8,600);
/*!40000 ALTER TABLE `bank_loan_detail` ENABLE KEYS */;
UNLOCK TABLES;

--
-- Table structure for table `bank_login_detail`
--

DROP TABLE IF EXISTS `bank_login_detail`;
/*!40101 SET @saved_cs_client     = @@character_set_client */;
/*!50503 SET character_set_client = utf8mb4 */;
CREATE TABLE `bank_login_detail` (
  `Universal_id` char(5) NOT NULL,
  `Bank_id` char(10) NOT NULL,
  `Branch_id` int NOT NULL,
  `password` varchar(45) NOT NULL,
  PRIMARY KEY (`Bank_id`,`Branch_id`,`Universal_id`)
) ENGINE=InnoDB DEFAULT CHARSET=utf8mb4 COLLATE=utf8mb4_general_ci;
/*!40101 SET character_set_client = @saved_cs_client */;

--
-- Dumping data for table `bank_login_detail`
--

LOCK TABLES `bank_login_detail` WRITE;
/*!40000 ALTER TABLE `bank_login_detail` DISABLE KEYS */;
INSERT INTO `bank_login_detail` VALUES ('B101','BANK100001',0,'main_1'),('B102','BANK100001',100001,'branch1234'),('B103','BANK100002',0,'main_2'),('B104','BANK100002',100001,'branch1234'),('B105','BANK100003',0,'main_3'),('B106','BANK100003',100001,'branch1234'),('B107','BANK100004',0,'main_4'),('B108','BANK100004',100001,'branch1234'),('B109','BANK100005',0,'main_5'),('B110','BANK100005',100001,'branch1234'),('B111','BANK100006',0,'main_6'),('B112','BANK100006',100001,'branch1234');
/*!40000 ALTER TABLE `bank_login_detail` ENABLE KEYS */;
UNLOCK TABLES;

--
-- Table structure for table `company_imports`
--

DROP TABLE IF EXISTS `company_imports`;
/*!40101 SET @saved_cs_client     = @@character_set_client */;
/*!50503 SET character_set_client = utf8mb4 */;
CREATE TABLE `company_imports` (
  `comp_id` varchar(10) CHARACTER SET utf8 COLLATE utf8_unicode_ci NOT NULL,
  `branches_in_india` int NOT NULL,
  `importers_id` int NOT NULL,
  `raw_material` float NOT NULL,
  `finished_product` float NOT NULL,
  `custom_duty` float NOT NULL,
  `relaxation_limit` float NOT NULL,
  `gst` float NOT NULL,
  PRIMARY KEY (`comp_id`),
  CONSTRAINT `company_imports_ibfk_1` FOREIGN KEY (`comp_id`) REFERENCES `company_market_detail` (`comp_id`)
) ENGINE=InnoDB DEFAULT CHARSET=utf8 COLLATE=utf8_unicode_ci;
/*!40101 SET character_set_client = @saved_cs_client */;

--
-- Dumping data for table `company_imports`
--

LOCK TABLES `company_imports` WRITE;
/*!40000 ALTER TABLE `company_imports` DISABLE KEYS */;
INSERT INTO `company_imports` VALUES ('COMP100001',2,12345,21797.1,4738.92,40,10,17),('COMP100002',3,12045,89840.2,22916.6,30,11,16),('COMP100003',4,11745,38630.1,18349,50,12,15),('COMP100004',5,11445,70572.4,71814.9,40,10,17),('COMP100005',6,11145,3953.47,79466.6,30,11,16),('COMP100006',7,10845,34826.4,47828.3,50,12,15),('COMP100007',8,10545,31705.8,26361.8,40,10,17),('COMP100008',9,10245,23634.9,19907.3,30,11,16),('COMP100009',10,99451,73220.3,40328.9,50,12,15),('COMP100010',11,96451,4960.24,58962.1,40,10,17),('COMP100011',12,93451,90775.1,2412.89,30,11,16),('COMP100012',13,90451,42090.8,57680.4,50,12,15),('COMP100013',14,87451,66914.3,77531.5,40,10,17),('COMP100014',15,84451,74694.9,82962.9,30,11,16),('COMP100015',16,81451,37811.7,71127.9,50,12,15),('COMP100016',17,78451,90501.8,49320.6,40,10,17),('COMP100017',18,75451,90998,18816.5,30,11,16),('COMP100018',19,72451,25441.9,37223.9,50,12,15),('COMP100019',20,69451,60454.1,50444,40,12,17),('COMP100020',21,66451,80568.5,31664.2,30,11,16);
/*!40000 ALTER TABLE `company_imports` ENABLE KEYS */;
UNLOCK TABLES;

--
-- Table structure for table `company_login_detail`
--

DROP TABLE IF EXISTS `company_login_detail`;
/*!40101 SET @saved_cs_client     = @@character_set_client */;
/*!50503 SET character_set_client = utf8mb4 */;
CREATE TABLE `company_login_detail` (
  `company_id` varchar(10) NOT NULL,
  `password` varchar(45) NOT NULL,
  PRIMARY KEY (`company_id`)
) ENGINE=InnoDB DEFAULT CHARSET=utf8mb4 COLLATE=utf8mb4_general_ci;
/*!40101 SET character_set_client = @saved_cs_client */;

--
-- Dumping data for table `company_login_detail`
--

LOCK TABLES `company_login_detail` WRITE;
/*!40000 ALTER TABLE `company_login_detail` DISABLE KEYS */;
INSERT INTO `company_login_detail` VALUES ('COMP100001','1234567'),('COMP100002','1234567'),('COMP100003','1234567'),('COMP100004','1234567'),('COMP100005','1234567'),('COMP100006','1234567'),('COMP100007','1234567'),('COMP100008','1234567'),('COMP100009','1234567'),('COMP100010','1234567'),('COMP100011','1234567'),('COMP100012','1234567'),('COMP100013','1234567'),('COMP100014','1234567'),('COMP100015','1234567'),('COMP100016','1234567'),('COMP100017','1234567'),('COMP100018','1234567'),('COMP100019','1234567'),('COMP100020','1234567'),('COMP100021','1234567'),('COMP100022','1234567'),('COMP100023','1234567'),('COMP100024','1234567'),('COMP100025','1234567'),('COMP100026','1234567'),('COMP100027','1234567'),('COMP100028','1234567'),('COMP100029','1234567'),('COMP100030','1234567'),('COMP100031','1234567'),('COMP100032','1234567'),('COMP100033','1234567'),('COMP100034','1234567'),('COMP100035','1234567'),('COMP100036','1234567'),('COMP100037','1234567'),('COMP100038','1234567'),('COMP100039','1234567'),('COMP100040','1234567');
/*!40000 ALTER TABLE `company_login_detail` ENABLE KEYS */;
UNLOCK TABLES;

--
-- Table structure for table `company_market_detail`
--

DROP TABLE IF EXISTS `company_market_detail`;
/*!40101 SET @saved_cs_client     = @@character_set_client */;
/*!50503 SET character_set_client = utf8mb4 */;
CREATE TABLE `company_market_detail` (
  `comp_id` varchar(10) CHARACTER SET utf8 COLLATE utf8_unicode_ci NOT NULL,
  `company_name` varchar(50) CHARACTER SET utf8 COLLATE utf8_unicode_ci NOT NULL,
  `pe_ratio` float NOT NULL,
  `quick_ratio` float NOT NULL,
  `acc_payable` int NOT NULL,
  `acc_receivable` int NOT NULL,
  `eps` float NOT NULL,
  `market_value` float NOT NULL,
  `book_value` float NOT NULL,
  `total_assets` float NOT NULL,
  `total_liabilities` float NOT NULL,
  `inventories` float NOT NULL,
  `external_fundings` float NOT NULL,
  `retained_earnings` float NOT NULL,
  PRIMARY KEY (`comp_id`)
) ENGINE=InnoDB DEFAULT CHARSET=utf8 COLLATE=utf8_unicode_ci;
/*!40101 SET character_set_client = @saved_cs_client */;

--
-- Dumping data for table `company_market_detail`
--

LOCK TABLES `company_market_detail` WRITE;
/*!40000 ALTER TABLE `company_market_detail` DISABLE KEYS */;
INSERT INTO `company_market_detail` VALUES ('COMP100001','Fintech',1.7,10.87,123,111,1.5,32.2373,14.0998,58570300,20828.7,12604.2,67142.5,39609),('COMP100002','Bajaj',1.69,11.87,235,111,1.6,60.4681,61.1525,73849600,49909.4,69507.8,83620.7,15981.1),('COMP100003','Cisco',1.68,12.23,412,4563,1.7,28.186,56.2142,79300100,52730.2,68738.7,33954.1,20154.7),('COMP100004','Unilever',1.67,13.01,22,321,1.8,45.2773,76.4045,36083900,48896.2,95254.7,93713,52257.7),('COMP100005','Kappa',1.66,13.69,43,2321,1.9,60.3482,47.5158,99392000,17067.5,44591.8,44418.6,93097.5),('COMP100006','Rayban',1.65,14.37,232,43,2,82.8034,12.6753,8775520,75085.1,12129.4,96074.6,75687.1),('COMP100007','Parle',1.64,15.06,12,121,2.1,1.51407,33.597,9630670,89668.5,46174.8,13174.5,94348.9),('COMP100008','Uniqlo',1.63,15.04,121,41,2.2,32.7956,27.6504,8345460,11229.4,52036.6,67271.8,87839.6),('COMP100009','Lays',1.62,15.72,644,98,2.3,40.2094,9.50317,27699000,19681.3,49333.1,88046.8,44558.7),('COMP100010','Coke',1.61,16.4,123,121,2.4,52.9999,38.4235,46440000,4289.42,44923.4,28818,33326.7),('COMP100011','KFC',1.6,17.08,3453,33,2.5,40.1953,12.8803,66138600,37190.1,15681.4,24763.2,26601),('COMP100012','FoodZone',1.59,17.76,22,134,2.6,70.7788,38.7402,74664300,69030.9,62748.4,4982.99,30267.3),('COMP100013','Walmart',1.58,18.43,432,241,2.7,54.5382,56.7161,97856900,79489,63708.9,98494.2,84160.3),('COMP100014','EasyDay',1.57,15.06,121,241,2.8,48.5883,77.2138,25958200,30568.8,11718.3,49889.2,62821.3),('COMP100015','RunDown',1.56,19.11,4532,111,2.9,32.6042,62.7725,631831,57530.5,91328.7,74383.3,60860.2),('COMP100016','EASports',1.55,19.79,23,1234,3,1.56443,95.0188,26056500,72829.5,7603.98,63168.6,43682.9),('COMP100017','Asus',1.54,20.47,2,412,3.1,5.74781,27.3646,88399400,56043.6,62425.4,41319.8,68195.6),('COMP100018','HP',1.53,21.15,24,11,3.2,40.4329,82.1005,58111700,52862.8,99148.6,6119.42,20136.3),('COMP100019','Dell',1.52,21.83,455,1,3.3,48.6995,81.3554,62308200,23606.8,6098.05,40704.5,41160),('COMP100020','Lenskart',1.51,22.5,1231,66,3.4,26.3411,91.1372,98099000,82371.1,34583.8,86201.4,61119.1);
/*!40000 ALTER TABLE `company_market_detail` ENABLE KEYS */;
UNLOCK TABLES;

--
-- Table structure for table `customer_account_summary`
--

DROP TABLE IF EXISTS `customer_account_summary`;
/*!40101 SET @saved_cs_client     = @@character_set_client */;
/*!50503 SET character_set_client = utf8mb4 */;
CREATE TABLE `customer_account_summary` (
  `Customer_ID` int NOT NULL,
  `Serial_No` int NOT NULL,
  `Transaction_status` set('Debited','Credited') CHARACTER SET utf8 COLLATE utf8_unicode_ci NOT NULL,
  `Received_from` set('Company','Person') CHARACTER SET utf8 COLLATE utf8_unicode_ci NOT NULL,
  `Amount` float NOT NULL,
  `Date` date NOT NULL,
  `Time` time(6) NOT NULL,
  `Account_Balance` float NOT NULL,
  PRIMARY KEY (`Serial_No`,`Customer_ID`)
) ENGINE=InnoDB DEFAULT CHARSET=utf8 COLLATE=utf8_unicode_ci;
/*!40101 SET character_set_client = @saved_cs_client */;

--
-- Dumping data for table `customer_account_summary`
--

LOCK TABLES `customer_account_summary` WRITE;
/*!40000 ALTER TABLE `customer_account_summary` DISABLE KEYS */;
INSERT INTO `customer_account_summary` VALUES (1000000001,1,'Credited','Company',266137,'2020-02-05','22:57:15.000000',266137),(1000000002,1,'Credited','Company',281553,'2020-02-05','15:59:01.000000',281553),(1000000003,1,'Credited','Company',206457,'2020-02-05','14:14:18.000000',206457),(1000000004,1,'Credited','Company',211572,'2020-02-05','18:11:34.000000',211572),(1000000005,1,'Credited','Company',250479,'2020-02-05','17:07:01.000000',250479),(1000000006,1,'Credited','Company',272729,'2020-02-05','14:43:33.000000',272729),(1000000007,1,'Credited','Company',272300,'2020-02-05','19:33:31.000000',272300),(1000000008,1,'Credited','Company',283065,'2020-02-05','22:57:15.000000',283065),(1000000009,1,'Credited','Company',210017,'2020-02-05','05:24:47.000000',210017),(1000000010,1,'Credited','Company',283625,'2020-02-05','04:21:05.000000',283625),(1000000011,1,'Credited','Company',256783,'2020-02-05','00:05:04.000000',256783),(1000000012,1,'Credited','Company',217917,'2020-02-05','18:58:58.000000',217917),(1000000013,1,'Credited','Company',255211,'2020-02-05','07:17:31.000000',255211),(1000000014,1,'Credited','Company',227572,'2020-02-05','19:41:37.000000',227572),(1000000015,1,'Credited','Company',290826,'2020-02-05','06:54:58.000000',290826),(1000000016,1,'Credited','Company',225928,'2020-02-05','07:11:57.000000',225928),(1000000017,1,'Credited','Company',252548,'2020-02-05','19:05:39.000000',252548),(1000000018,1,'Credited','Company',258036,'2020-02-05','16:22:26.000000',258036),(1000000019,1,'Credited','Company',214762,'2020-02-05','10:46:24.000000',214762),(1000000020,1,'Credited','Company',211480,'2020-02-05','04:56:44.000000',211480),(1000000021,1,'Credited','Company',230489,'2020-02-05','22:53:48.000000',230489),(1000000022,1,'Credited','Company',247783,'2020-02-05','17:19:46.000000',247783),(1000000023,1,'Credited','Company',298500,'2020-02-05','04:27:43.000000',298500),(1000000024,1,'Credited','Company',226226,'2020-02-05','20:36:41.000000',226226),(1000000025,1,'Credited','Company',271163,'2020-02-05','18:12:27.000000',271163),(1000000026,1,'Credited','Company',234314,'2020-02-05','08:19:31.000000',234314),(1000000027,1,'Credited','Company',226240,'2020-02-05','05:47:15.000000',226240),(1000000028,1,'Credited','Company',272535,'2020-02-05','06:15:13.000000',272535),(1000000029,1,'Credited','Company',249173,'2020-02-05','09:18:56.000000',249173),(1000000030,1,'Credited','Company',207534,'2020-02-05','23:14:21.000000',207534),(1000000031,1,'Credited','Company',275333,'2020-02-05','02:47:01.000000',275333),(1000000032,1,'Credited','Company',292200,'2020-02-05','20:52:41.000000',292200),(1000000033,1,'Credited','Company',202631,'2020-02-05','15:17:38.000000',202631),(1000000034,1,'Credited','Company',271290,'2020-02-05','02:55:37.000000',271290),(1000000035,1,'Credited','Company',218886,'2020-02-05','20:58:36.000000',218886),(1000000036,1,'Credited','Company',284884,'2020-02-05','02:03:41.000000',284884),(1000000037,1,'Credited','Company',265467,'2020-02-05','05:56:38.000000',265467),(1000000038,1,'Credited','Company',262704,'2020-02-05','13:37:19.000000',262704),(1000000039,1,'Credited','Company',213615,'2020-02-05','06:24:24.000000',213615),(1000000040,1,'Credited','Company',251070,'2020-02-05','17:45:13.000000',251070),(1000000041,1,'Credited','Company',270082,'2020-02-05','13:13:03.000000',270082),(1000000042,1,'Credited','Company',226923,'2020-02-05','03:11:59.000000',226923),(1000000043,1,'Credited','Company',203131,'2020-02-05','04:49:24.000000',203131),(1000000044,1,'Credited','Company',209961,'2020-02-05','10:31:37.000000',209961),(1000000045,1,'Credited','Company',272726,'2020-02-05','23:56:58.000000',272726),(1000000046,1,'Credited','Company',281645,'2020-02-05','22:38:10.000000',281645),(1000000047,1,'Credited','Company',214924,'2020-02-05','16:39:19.000000',214924),(1000000048,1,'Credited','Company',269153,'2020-02-05','14:07:24.000000',269153),(1000000049,1,'Credited','Company',226739,'2020-02-05','04:12:33.000000',226739),(1000000050,1,'Credited','Company',276062,'2020-02-05','04:33:00.000000',276062),(1000000051,1,'Credited','Company',214328,'2020-02-05','02:21:43.000000',214328),(1000000052,1,'Credited','Company',216913,'2020-02-05','23:16:27.000000',216913),(1000000053,1,'Credited','Company',226684,'2020-02-05','21:06:07.000000',226684),(1000000054,1,'Credited','Company',229654,'2020-02-05','12:52:05.000000',229654),(1000000055,1,'Credited','Company',205235,'2020-02-05','00:09:25.000000',205235),(1000000056,1,'Credited','Company',252687,'2020-02-05','03:01:15.000000',252687),(1000000057,1,'Credited','Company',241185,'2020-02-05','13:00:59.000000',241185),(1000000058,1,'Credited','Company',227866,'2020-02-05','07:29:40.000000',227866),(1000000059,1,'Credited','Company',223283,'2020-02-05','05:04:29.000000',223283),(1000000060,1,'Credited','Company',234949,'2020-02-05','15:06:14.000000',234949),(1000000061,1,'Credited','Company',223717,'2020-02-05','04:58:02.000000',223717),(1000000062,1,'Credited','Company',224328,'2020-02-05','13:43:23.000000',224328),(1000000063,1,'Credited','Company',292773,'2020-02-05','03:47:00.000000',292773),(1000000064,1,'Credited','Company',293778,'2020-02-05','20:45:44.000000',293778),(1000000065,1,'Credited','Company',274186,'2020-02-05','13:54:08.000000',274186),(1000000066,1,'Credited','Company',299826,'2020-02-05','12:25:09.000000',299826),(1000000067,1,'Credited','Company',238854,'2020-02-05','00:02:25.000000',238854),(1000000068,1,'Credited','Company',268162,'2020-02-05','15:31:05.000000',268162),(1000000069,1,'Credited','Company',250303,'2020-02-05','11:00:31.000000',250303),(1000000070,1,'Credited','Company',244947,'2020-02-05','11:53:42.000000',244947),(1000000071,1,'Credited','Company',225098,'2020-02-05','12:43:16.000000',225098),(1000000072,1,'Credited','Company',258993,'2020-02-05','14:26:03.000000',258993),(1000000073,1,'Credited','Company',222019,'2020-02-05','11:55:00.000000',222019),(1000000074,1,'Credited','Company',261517,'2020-02-05','06:42:37.000000',261517),(1000000075,1,'Credited','Company',283249,'2020-02-05','08:02:04.000000',283249),(1000000076,1,'Credited','Company',276495,'2020-02-05','10:02:50.000000',276495),(1000000077,1,'Credited','Company',293433,'2020-02-05','13:53:17.000000',293433),(1000000078,1,'Credited','Company',265180,'2020-02-05','06:44:12.000000',265180),(1000000079,1,'Credited','Company',236476,'2020-02-05','23:53:32.000000',236476),(1000000080,1,'Credited','Company',208153,'2020-02-05','02:02:22.000000',208153),(1000000081,1,'Credited','Company',269745,'2020-02-05','08:44:27.000000',269745),(1000000082,1,'Credited','Company',240850,'2020-02-05','12:09:08.000000',240850),(1000000083,1,'Credited','Company',268611,'2020-02-05','13:19:27.000000',268611),(1000000084,1,'Credited','Company',201656,'2020-02-05','22:04:44.000000',201656),(1000000085,1,'Credited','Company',208321,'2020-02-05','01:23:41.000000',208321),(1000000086,1,'Credited','Company',271985,'2020-02-05','13:05:25.000000',271985),(1000000087,1,'Credited','Company',224714,'2020-02-05','03:57:12.000000',224714),(1000000088,1,'Credited','Company',263647,'2020-02-05','04:22:47.000000',263647),(1000000089,1,'Credited','Company',220649,'2020-02-05','02:42:29.000000',220649),(1000000090,1,'Credited','Company',206569,'2020-02-05','03:22:59.000000',206569),(1000000091,1,'Credited','Company',269975,'2020-02-05','16:11:24.000000',269975),(1000000092,1,'Credited','Company',218005,'2020-02-05','23:30:24.000000',218005),(1000000093,1,'Credited','Company',257264,'2020-02-05','06:29:08.000000',257264),(1000000094,1,'Credited','Company',268314,'2020-02-05','19:32:27.000000',268314),(1000000095,1,'Credited','Company',282863,'2020-02-05','10:06:10.000000',282863),(1000000096,1,'Credited','Company',206739,'2020-02-05','09:32:26.000000',206739),(1000000097,1,'Credited','Company',266915,'2020-02-05','01:18:56.000000',266915),(1000000098,1,'Credited','Company',237090,'2020-02-05','00:19:48.000000',237090),(1000000099,1,'Credited','Company',291064,'2020-02-05','01:10:23.000000',291064),(1000000100,1,'Credited','Company',213651,'2020-02-05','07:27:55.000000',213651),(1000000001,2,'Debited','Person',200,'2020-04-25','00:36:42.000000',265937),(1000000002,2,'Credited','Person',200,'2020-04-25','00:36:42.000000',281753),(1000000001,3,'Debited','Person',200,'2020-04-26','03:41:08.000000',265737),(1000000002,3,'Credited','Person',200,'2020-04-26','03:41:08.000000',281953);
/*!40000 ALTER TABLE `customer_account_summary` ENABLE KEYS */;
UNLOCK TABLES;

--
-- Table structure for table `customer_bank_details`
--

DROP TABLE IF EXISTS `customer_bank_details`;
/*!40101 SET @saved_cs_client     = @@character_set_client */;
/*!50503 SET character_set_client = utf8mb4 */;
CREATE TABLE `customer_bank_details` (
  `customer_id` int NOT NULL,
  `bank_id` char(10) CHARACTER SET utf8 COLLATE utf8_unicode_ci NOT NULL,
  `bank_name` varchar(20) CHARACTER SET utf8 COLLATE utf8_unicode_ci NOT NULL,
  `account_no` char(20) CHARACTER SET utf8 COLLATE utf8_unicode_ci NOT NULL,
  `account_balance` float NOT NULL,
  `account_type` set('CURRENT','SAVINGS','TRADING','') CHARACTER SET utf8 COLLATE utf8_unicode_ci NOT NULL,
  `account_pin` int NOT NULL,
  `loan_status` set('PENDING','ACCEPTED','REJECTED') CHARACTER SET utf8 COLLATE utf8_unicode_ci NOT NULL,
  PRIMARY KEY (`customer_id`),
  KEY `bank_id` (`bank_id`),
  CONSTRAINT `Customer_bank_details_ibfk_1` FOREIGN KEY (`bank_id`) REFERENCES `bank` (`bank_id`),
  CONSTRAINT `Customer_bank_details_ibfk_2` FOREIGN KEY (`customer_id`) REFERENCES `customer_personal_detail` (`Customer_id`)
) ENGINE=InnoDB DEFAULT CHARSET=utf8 COLLATE=utf8_unicode_ci ROW_FORMAT=COMPACT;
/*!40101 SET character_set_client = @saved_cs_client */;

--
-- Dumping data for table `customer_bank_details`
--

LOCK TABLES `customer_bank_details` WRITE;
/*!40000 ALTER TABLE `customer_bank_details` DISABLE KEYS */;
INSERT INTO `customer_bank_details` VALUES (1000000001,'BANK100001','BOB','ACC-100',265737,'TRADING',2726,'PENDING'),(1000000002,'BANK100006','PNB','ACC-101',281953,'TRADING',3066,'PENDING'),(1000000003,'BANK100004','HDFC','ACC-102',206457,'SAVINGS',2372,'PENDING'),(1000000004,'BANK100004','BOB','ACC-103',211572,'TRADING',2776,'PENDING'),(1000000005,'BANK100003','HSBC','ACC-104',250479,'SAVINGS',9765,'PENDING'),(1000000006,'BANK100006','HSBC','ACC-105',272729,'TRADING',1548,'PENDING'),(1000000007,'BANK100001','UBI','ACC-106',272300,'SAVINGS',9867,'PENDING'),(1000000008,'BANK100001','HDFC','ACC-107',283065,'CURRENT',2469,'PENDING'),(1000000009,'BANK100002','SBI','ACC-108',210017,'SAVINGS',9099,'PENDING'),(1000000010,'BANK100006','HSBC','ACC-109',283625,'CURRENT',3963,'PENDING'),(1000000011,'BANK100003','SBI','ACC-110',256783,'TRADING',3775,'PENDING'),(1000000012,'BANK100006','HSBC','ACC-111',217917,'SAVINGS',6007,'PENDING'),(1000000013,'BANK100001','HDFC','ACC-112',255211,'CURRENT',8974,'PENDING'),(1000000014,'BANK100001','HDFC','ACC-113',227572,'SAVINGS',8115,'PENDING'),(1000000015,'BANK100001','SBI','ACC-114',290826,'TRADING',1221,'PENDING'),(1000000016,'BANK100006','SBI','ACC-115',225928,'SAVINGS',3793,'PENDING'),(1000000017,'BANK100006','BOB','ACC-116',252548,'CURRENT',5195,'PENDING'),(1000000018,'BANK100002','PNB','ACC-117',258036,'TRADING',8303,'PENDING'),(1000000019,'BANK100003','PNB','ACC-118',214762,'CURRENT',7297,'PENDING'),(1000000020,'BANK100003','UBI','ACC-119',211480,'TRADING',7300,'PENDING'),(1000000021,'BANK100002','PNB','ACC-120',230489,'SAVINGS',2743,'ACCEPTED'),(1000000022,'BANK100006','HDFC','ACC-121',247783,'CURRENT',7455,'PENDING'),(1000000023,'BANK100006','PNB','ACC-122',298500,'TRADING',9850,'REJECTED'),(1000000024,'BANK100003','BOB','ACC-123',226226,'CURRENT',8627,'REJECTED'),(1000000025,'BANK100004','UBI','ACC-124',271163,'TRADING',8144,'ACCEPTED'),(1000000026,'BANK100006','SBI','ACC-125',234314,'CURRENT',8088,'REJECTED'),(1000000027,'BANK100002','PNB','ACC-126',226240,'CURRENT',2028,'REJECTED'),(1000000028,'BANK100004','UBI','ACC-127',272535,'TRADING',4998,'ACCEPTED'),(1000000029,'BANK100004','UBI','ACC-128',249173,'CURRENT',2499,'PENDING'),(1000000030,'BANK100003','UBI','ACC-129',207534,'CURRENT',3813,'REJECTED'),(1000000031,'BANK100001','BOB','ACC-130',275333,'SAVINGS',9755,'ACCEPTED'),(1000000032,'BANK100004','HDFC','ACC-131',292200,'TRADING',3770,'ACCEPTED'),(1000000033,'BANK100002','UBI','ACC-132',202631,'SAVINGS',5426,'PENDING'),(1000000034,'BANK100004','BOB','ACC-133',271290,'SAVINGS',5516,'PENDING'),(1000000035,'BANK100002','HDFC','ACC-134',218886,'SAVINGS',2279,'REJECTED'),(1000000036,'BANK100004','SBI','ACC-135',284884,'TRADING',3929,'REJECTED'),(1000000037,'BANK100002','SBI','ACC-136',265467,'SAVINGS',9647,'PENDING'),(1000000038,'BANK100006','HSBC','ACC-137',262704,'CURRENT',7764,'PENDING'),(1000000039,'BANK100004','HDFC','ACC-138',213615,'SAVINGS',6052,'REJECTED'),(1000000040,'BANK100003','HDFC','ACC-139',251070,'TRADING',2877,'ACCEPTED'),(1000000041,'BANK100001','UBI','ACC-140',270082,'TRADING',9375,'REJECTED'),(1000000042,'BANK100004','BOB','ACC-141',226923,'TRADING',9467,'ACCEPTED'),(1000000043,'BANK100003','SBI','ACC-142',203131,'TRADING',8192,'ACCEPTED'),(1000000044,'BANK100002','SBI','ACC-143',209961,'SAVINGS',9879,'ACCEPTED'),(1000000045,'BANK100006','SBI','ACC-144',272726,'SAVINGS',6559,'REJECTED'),(1000000046,'BANK100003','UBI','ACC-145',281645,'TRADING',9946,'PENDING'),(1000000047,'BANK100006','SBI','ACC-146',214924,'SAVINGS',8777,'ACCEPTED'),(1000000048,'BANK100002','PNB','ACC-147',269153,'CURRENT',8457,'PENDING'),(1000000049,'BANK100001','UBI','ACC-148',226739,'TRADING',7263,'ACCEPTED'),(1000000050,'BANK100006','SBI','ACC-149',276062,'TRADING',9579,'ACCEPTED'),(1000000051,'BANK100006','SBI','ACC-150',214328,'TRADING',4919,'ACCEPTED'),(1000000052,'BANK100001','BOB','ACC-151',216913,'CURRENT',5538,'PENDING'),(1000000053,'BANK100003','HDFC','ACC-152',226684,'TRADING',5814,'PENDING'),(1000000054,'BANK100006','BOB','ACC-153',229654,'CURRENT',2450,'ACCEPTED'),(1000000055,'BANK100003','PNB','ACC-154',205235,'CURRENT',5259,'ACCEPTED'),(1000000056,'BANK100001','HDFC','ACC-155',252687,'CURRENT',1337,'ACCEPTED'),(1000000057,'BANK100001','BOB','ACC-156',241185,'SAVINGS',6630,'REJECTED'),(1000000058,'BANK100001','PNB','ACC-157',227866,'SAVINGS',5807,'REJECTED'),(1000000059,'BANK100002','HDFC','ACC-158',223283,'TRADING',7029,'ACCEPTED'),(1000000060,'BANK100003','UBI','ACC-159',234949,'CURRENT',6046,'ACCEPTED'),(1000000061,'BANK100006','UBI','ACC-160',223717,'SAVINGS',2092,'PENDING'),(1000000062,'BANK100001','UBI','ACC-161',224328,'TRADING',9375,'REJECTED'),(1000000063,'BANK100006','HDFC','ACC-162',292773,'TRADING',3710,'PENDING'),(1000000064,'BANK100001','HDFC','ACC-163',293778,'SAVINGS',1256,'PENDING'),(1000000065,'BANK100001','HDFC','ACC-164',274186,'CURRENT',9707,'ACCEPTED'),(1000000066,'BANK100006','BOB','ACC-165',299826,'SAVINGS',7656,'ACCEPTED'),(1000000067,'BANK100004','HSBC','ACC-166',238854,'CURRENT',3325,'ACCEPTED'),(1000000068,'BANK100006','UBI','ACC-167',268162,'CURRENT',1404,'ACCEPTED'),(1000000069,'BANK100006','SBI','ACC-168',250303,'CURRENT',8955,'ACCEPTED'),(1000000070,'BANK100001','SBI','ACC-169',244947,'SAVINGS',6837,'REJECTED'),(1000000071,'BANK100002','BOB','ACC-170',225098,'CURRENT',6000,'REJECTED'),(1000000072,'BANK100001','SBI','ACC-171',258993,'TRADING',8689,'REJECTED'),(1000000073,'BANK100001','SBI','ACC-172',222019,'TRADING',8446,'ACCEPTED'),(1000000074,'BANK100002','SBI','ACC-173',261517,'CURRENT',9370,'REJECTED'),(1000000075,'BANK100006','UBI','ACC-174',283249,'CURRENT',7764,'ACCEPTED'),(1000000076,'BANK100002','UBI','ACC-175',276495,'SAVINGS',4426,'PENDING'),(1000000077,'BANK100002','SBI','ACC-176',293433,'SAVINGS',9658,'ACCEPTED'),(1000000078,'BANK100002','HDFC','ACC-177',265180,'TRADING',3879,'ACCEPTED'),(1000000079,'BANK100001','SBI','ACC-178',236476,'TRADING',8741,'REJECTED'),(1000000080,'BANK100001','SBI','ACC-179',208153,'TRADING',7084,'ACCEPTED'),(1000000081,'BANK100006','PNB','ACC-180',269745,'TRADING',8713,'ACCEPTED'),(1000000082,'BANK100001','PNB','ACC-181',240850,'CURRENT',5244,'PENDING'),(1000000083,'BANK100004','SBI','ACC-182',268611,'SAVINGS',9951,'REJECTED'),(1000000084,'BANK100003','PNB','ACC-183',201656,'TRADING',9801,'ACCEPTED'),(1000000085,'BANK100001','UBI','ACC-184',208321,'CURRENT',4685,'REJECTED'),(1000000086,'BANK100001','HSBC','ACC-185',271985,'CURRENT',7125,'REJECTED'),(1000000087,'BANK100004','SBI','ACC-186',224714,'TRADING',9184,'PENDING'),(1000000088,'BANK100006','HSBC','ACC-187',263647,'CURRENT',6047,'ACCEPTED'),(1000000089,'BANK100006','HDFC','ACC-188',220649,'TRADING',3554,'ACCEPTED'),(1000000090,'BANK100001','BOB','ACC-189',206569,'TRADING',7616,'PENDING'),(1000000091,'BANK100006','UBI','ACC-190',269975,'TRADING',6090,'ACCEPTED'),(1000000092,'BANK100002','UBI','ACC-191',218005,'TRADING',7128,'PENDING'),(1000000093,'BANK100004','HDFC','ACC-192',257264,'SAVINGS',8827,'PENDING'),(1000000094,'BANK100002','HSBC','ACC-193',268314,'SAVINGS',5625,'PENDING'),(1000000095,'BANK100006','HDFC','ACC-194',282863,'SAVINGS',6639,'REJECTED'),(1000000096,'BANK100004','SBI','ACC-195',206739,'CURRENT',7902,'REJECTED'),(1000000097,'BANK100004','SBI','ACC-196',266915,'CURRENT',4641,'PENDING'),(1000000098,'BANK100001','SBI','ACC-197',237090,'CURRENT',4051,'ACCEPTED'),(1000000099,'BANK100003','HSBC','ACC-198',291064,'TRADING',6981,'PENDING'),(1000000100,'BANK100004','PNB','ACC-199',213651,'TRADING',4410,'PENDING');
/*!40000 ALTER TABLE `customer_bank_details` ENABLE KEYS */;
UNLOCK TABLES;

--
-- Table structure for table `customer_employment_details`
--

DROP TABLE IF EXISTS `customer_employment_details`;
/*!40101 SET @saved_cs_client     = @@character_set_client */;
/*!50503 SET character_set_client = utf8mb4 */;
CREATE TABLE `customer_employment_details` (
  `Customer_ID` int NOT NULL,
  `Company_ID` varchar(11) CHARACTER SET utf8 COLLATE utf8_unicode_ci NOT NULL,
  `Sector` varchar(20) CHARACTER SET utf8 COLLATE utf8_unicode_ci NOT NULL,
  `Product_Type` varchar(30) CHARACTER SET utf8 COLLATE utf8_unicode_ci NOT NULL,
  `Company_Name` varchar(20) CHARACTER SET utf8 COLLATE utf8_unicode_ci NOT NULL,
  `Working_From` date NOT NULL,
  `Working_Till` date NOT NULL,
  PRIMARY KEY (`Customer_ID`),
  CONSTRAINT `Customer_Employment_Details_ibfk_1` FOREIGN KEY (`Customer_ID`) REFERENCES `customer_personal_detail` (`Customer_id`)
) ENGINE=InnoDB DEFAULT CHARSET=utf8 COLLATE=utf8_unicode_ci;
/*!40101 SET character_set_client = @saved_cs_client */;

--
-- Dumping data for table `customer_employment_details`
--

LOCK TABLES `customer_employment_details` WRITE;
/*!40000 ALTER TABLE `customer_employment_details` DISABLE KEYS */;
INSERT INTO `customer_employment_details` VALUES (1000000001,'COMP100000','PRIMARY','ACC-100','268796','2014-03-01','2020-02-05'),(1000000002,'COMP100001','TERTIATRY','ACC-101','261474','2018-12-18','2020-02-05'),(1000000003,'COMP100002','SECONDARY','ACC-102','230999','2009-04-29','2020-02-05'),(1000000004,'COMP100003','PRIMARY','ACC-103','299455','2010-04-14','2020-02-05'),(1000000005,'COMP100004','SECONDARY','ACC-104','231860','2008-01-09','2020-02-05'),(1000000006,'COMP100005','PRIMARY','ACC-105','212316','2017-07-02','2020-02-05'),(1000000007,'COMP100006','TERTIATRY','ACC-106','234193','2015-02-17','2020-02-05'),(1000000008,'COMP100007','SECONDARY','ACC-107','219258','2015-05-01','2020-02-05'),(1000000009,'COMP100008','PRIMARY','ACC-108','233471','2017-09-21','2020-02-05'),(1000000010,'COMP100009','TERTIATRY','ACC-109','229146','2009-08-07','2020-02-05'),(1000000011,'COMP100010','SECONDARY','ACC-110','288248','2014-04-29','2020-02-05'),(1000000012,'COMP100011','SECONDARY','ACC-111','229866','2006-07-13','2020-02-05'),(1000000013,'COMP100012','TERTIATRY','ACC-112','235294','2006-10-28','2020-02-05'),(1000000014,'COMP100013','SECONDARY','ACC-113','282233','2012-07-15','2020-02-05'),(1000000015,'COMP100014','PRIMARY','ACC-114','206577','2010-04-05','2020-02-05'),(1000000016,'COMP100015','TERTIATRY','ACC-115','242537','2013-11-07','2020-02-05'),(1000000017,'COMP100016','SECONDARY','ACC-116','233312','2018-04-05','2020-02-05'),(1000000018,'COMP100017','PRIMARY','ACC-117','274288','2013-02-06','2020-02-05'),(1000000019,'COMP100018','PRIMARY','ACC-118','277030','2009-08-07','2020-02-05'),(1000000020,'COMP100019','PRIMARY','ACC-119','294949','2006-11-06','2020-02-05'),(1000000021,'COMP100020','PRIMARY','ACC-120','209881','2014-12-30','2020-02-05'),(1000000022,'COMP100021','TERTIATRY','ACC-121','229401','2015-03-27','2020-02-05'),(1000000023,'COMP100022','SECONDARY','ACC-122','260553','2013-04-05','2020-02-05'),(1000000024,'COMP100023','PRIMARY','ACC-123','291160','2018-06-03','2020-02-05'),(1000000025,'COMP100024','PRIMARY','ACC-124','200670','2006-02-28','2020-02-05'),(1000000026,'COMP100025','TERTIATRY','ACC-125','257866','2013-08-12','2020-02-05'),(1000000027,'COMP100026','TERTIATRY','ACC-126','212273','2013-01-30','2020-02-05'),(1000000028,'COMP100027','SECONDARY','ACC-127','213199','2014-09-27','2020-02-05'),(1000000029,'COMP100028','PRIMARY','ACC-128','290844','2006-05-29','2020-02-05'),(1000000030,'COMP100029','SECONDARY','ACC-129','220080','2010-09-06','2020-02-05'),(1000000031,'COMP100030','SECONDARY','ACC-130','238448','2006-05-17','2020-02-05'),(1000000032,'COMP100031','PRIMARY','ACC-131','286002','2018-03-10','2020-02-05'),(1000000033,'COMP100032','SECONDARY','ACC-132','250936','2011-02-12','2020-02-05'),(1000000034,'COMP100033','PRIMARY','ACC-133','215228','2009-08-14','2020-02-05'),(1000000035,'COMP100034','SECONDARY','ACC-134','284366','2008-02-10','2020-02-05'),(1000000036,'COMP100035','SECONDARY','ACC-135','272577','2010-08-27','2020-02-05'),(1000000037,'COMP100036','TERTIATRY','ACC-136','296971','2008-03-09','2020-02-05'),(1000000038,'COMP100037','SECONDARY','ACC-137','200645','2011-08-09','2020-02-05'),(1000000039,'COMP100038','TERTIATRY','ACC-138','212199','2006-11-28','2020-02-05'),(1000000040,'COMP100039','SECONDARY','ACC-139','208390','2014-07-21','2020-02-05'),(1000000041,'COMP100040','SECONDARY','ACC-140','282297','2007-01-31','2020-02-05'),(1000000042,'COMP100041','SECONDARY','ACC-141','224822','2014-05-10','2020-02-05'),(1000000043,'COMP100042','PRIMARY','ACC-142','210017','2019-01-05','2020-02-05'),(1000000044,'COMP100043','SECONDARY','ACC-143','271912','2014-01-17','2020-02-05'),(1000000045,'COMP100044','PRIMARY','ACC-144','291014','2008-07-15','2020-02-05'),(1000000046,'COMP100045','PRIMARY','ACC-145','219121','2016-05-05','2020-02-05'),(1000000047,'COMP100046','SECONDARY','ACC-146','222548','2016-11-06','2020-02-05'),(1000000048,'COMP100047','TERTIATRY','ACC-147','248739','2009-03-12','2020-02-05'),(1000000049,'COMP100048','TERTIATRY','ACC-148','296614','2017-05-22','2020-02-05'),(1000000050,'COMP100049','TERTIATRY','ACC-149','216679','2018-09-22','2020-02-05'),(1000000051,'COMP100050','PRIMARY','ACC-150','262821','2007-02-24','2020-02-05'),(1000000052,'COMP100051','TERTIATRY','ACC-151','229282','2007-11-20','2020-02-05'),(1000000053,'COMP100052','TERTIATRY','ACC-152','222953','2019-09-26','2020-02-05'),(1000000054,'COMP100053','PRIMARY','ACC-153','294178','2018-11-11','2020-02-05'),(1000000055,'COMP100054','PRIMARY','ACC-154','223211','2015-11-10','2020-02-05'),(1000000056,'COMP100055','PRIMARY','ACC-155','222084','2019-08-10','2020-02-05'),(1000000057,'COMP100056','SECONDARY','ACC-156','226879','2012-05-18','2020-02-05'),(1000000058,'COMP100057','SECONDARY','ACC-157','230342','2008-01-25','2020-02-05'),(1000000059,'COMP100058','TERTIATRY','ACC-158','234538','2009-03-16','2020-02-05'),(1000000060,'COMP100059','TERTIATRY','ACC-159','297399','2017-05-24','2020-02-05'),(1000000061,'COMP100060','TERTIATRY','ACC-160','229383','2016-09-16','2020-02-05'),(1000000062,'COMP100061','TERTIATRY','ACC-161','299941','2007-03-25','2020-02-05'),(1000000063,'COMP100062','PRIMARY','ACC-162','241443','2013-08-13','2020-02-05'),(1000000064,'COMP100063','TERTIATRY','ACC-163','275257','2012-09-22','2020-02-05'),(1000000065,'COMP100064','TERTIATRY','ACC-164','216125','2012-08-21','2020-02-05'),(1000000066,'COMP100065','PRIMARY','ACC-165','243882','2007-08-30','2020-02-05'),(1000000067,'COMP100066','PRIMARY','ACC-166','242959','2018-12-01','2020-02-05'),(1000000068,'COMP100067','SECONDARY','ACC-167','248430','2007-11-11','2020-02-05'),(1000000069,'COMP100068','PRIMARY','ACC-168','281075','2013-11-26','2020-02-05'),(1000000070,'COMP100069','SECONDARY','ACC-169','262413','2012-01-28','2020-02-05'),(1000000071,'COMP100070','TERTIATRY','ACC-170','273860','2015-04-17','2020-02-05'),(1000000072,'COMP100071','SECONDARY','ACC-171','261376','2012-10-05','2020-02-05'),(1000000073,'COMP100072','TERTIATRY','ACC-172','256730','2015-08-18','2020-02-05'),(1000000074,'COMP100073','PRIMARY','ACC-173','233117','2007-04-13','2020-02-05'),(1000000075,'COMP100074','SECONDARY','ACC-174','299781','2009-02-01','2020-02-05'),(1000000076,'COMP100075','PRIMARY','ACC-175','259777','2014-10-18','2020-02-05'),(1000000077,'COMP100076','PRIMARY','ACC-176','237247','2015-08-03','2020-02-05'),(1000000078,'COMP100077','PRIMARY','ACC-177','250424','2008-11-02','2020-02-05'),(1000000079,'COMP100078','TERTIATRY','ACC-178','236190','2011-03-04','2020-02-05'),(1000000080,'COMP100079','PRIMARY','ACC-179','281482','2009-10-18','2020-02-05'),(1000000081,'COMP100080','SECONDARY','ACC-180','259966','2017-09-01','2020-02-05'),(1000000082,'COMP100081','PRIMARY','ACC-181','241453','2016-11-02','2020-02-05'),(1000000083,'COMP100082','TERTIATRY','ACC-182','270839','2018-08-10','2020-02-05'),(1000000084,'COMP100083','TERTIATRY','ACC-183','210493','2012-11-10','2020-02-05'),(1000000085,'COMP100084','TERTIATRY','ACC-184','294555','2007-05-05','2020-02-05'),(1000000086,'COMP100085','PRIMARY','ACC-185','298669','2007-09-03','2020-02-05'),(1000000087,'COMP100086','PRIMARY','ACC-186','218311','2017-02-22','2020-02-05'),(1000000088,'COMP100087','SECONDARY','ACC-187','259392','2009-09-21','2020-02-05'),(1000000089,'COMP100088','TERTIATRY','ACC-188','254196','2009-08-15','2020-02-05'),(1000000090,'COMP100089','TERTIATRY','ACC-189','268039','2006-10-11','2020-02-05'),(1000000091,'COMP100090','SECONDARY','ACC-190','237007','2007-05-04','2020-02-05'),(1000000092,'COMP100091','SECONDARY','ACC-191','223225','2014-10-22','2020-02-05'),(1000000093,'COMP100092','SECONDARY','ACC-192','262561','2014-07-12','2020-02-05'),(1000000094,'COMP100093','SECONDARY','ACC-193','205299','2013-01-11','2020-02-05'),(1000000095,'COMP100094','TERTIATRY','ACC-194','278144','2005-11-29','2020-02-05'),(1000000096,'COMP100095','SECONDARY','ACC-195','206213','2017-08-11','2020-02-05'),(1000000097,'COMP100096','SECONDARY','ACC-196','256763','2013-04-24','2020-02-05'),(1000000098,'COMP100097','SECONDARY','ACC-197','231508','2013-05-13','2020-02-05'),(1000000099,'COMP100098','SECONDARY','ACC-198','227082','2016-01-23','2020-02-05'),(1000000100,'COMP100099','TERTIATRY','ACC-199','276842','2010-08-10','2020-02-05');
/*!40000 ALTER TABLE `customer_employment_details` ENABLE KEYS */;
UNLOCK TABLES;

--
-- Table structure for table `customer_loan`
--

DROP TABLE IF EXISTS `customer_loan`;
/*!40101 SET @saved_cs_client     = @@character_set_client */;
/*!50503 SET character_set_client = utf8mb4 */;
CREATE TABLE `customer_loan` (
  `Serial_no` int NOT NULL,
  `Customer_ID` int NOT NULL,
  `Loan_ID` int NOT NULL,
  `Principal` int NOT NULL,
  `Start_from` date NOT NULL,
  `Monthly_EMI` int NOT NULL,
  `Due_Amount` int NOT NULL,
  PRIMARY KEY (`Serial_no`)
) ENGINE=InnoDB DEFAULT CHARSET=utf8 COLLATE=utf8_unicode_ci;
/*!40101 SET character_set_client = @saved_cs_client */;

--
-- Dumping data for table `customer_loan`
--

LOCK TABLES `customer_loan` WRITE;
/*!40000 ALTER TABLE `customer_loan` DISABLE KEYS */;
INSERT INTO `customer_loan` VALUES (1,1000000001,1,72782,'2008-06-11',2076,8323),(2,1000000002,4,18180,'2007-12-09',1771,6397),(3,1000000003,2,45549,'2020-10-23',2705,8762),(4,1000000004,5,29478,'2014-07-01',2693,7091),(5,1000000005,2,44934,'2010-12-28',6227,7654),(6,1000000006,3,68605,'2016-03-25',2185,1856),(7,1000000007,4,77457,'2007-10-11',6622,2750),(8,1000000008,1,80737,'2008-03-08',2458,5304),(9,1000000009,3,79362,'2008-06-22',6961,6235),(10,1000000010,2,90417,'2013-05-01',7544,5390);
/*!40000 ALTER TABLE `customer_loan` ENABLE KEYS */;
UNLOCK TABLES;

--
-- Table structure for table `customer_login_detail`
--

DROP TABLE IF EXISTS `customer_login_detail`;
/*!40101 SET @saved_cs_client     = @@character_set_client */;
/*!50503 SET character_set_client = utf8mb4 */;
CREATE TABLE `customer_login_detail` (
  `Customer_id` int NOT NULL,
  `email` varchar(50) CHARACTER SET utf8 COLLATE utf8_bin NOT NULL,
  `password` varchar(50) CHARACTER SET utf8 COLLATE utf8_bin NOT NULL,
  PRIMARY KEY (`Customer_id`)
) ENGINE=InnoDB DEFAULT CHARSET=utf8 COLLATE=utf8_bin;
/*!40101 SET character_set_client = @saved_cs_client */;

--
-- Dumping data for table `customer_login_detail`
--

LOCK TABLES `customer_login_detail` WRITE;
/*!40000 ALTER TABLE `customer_login_detail` DISABLE KEYS */;
INSERT INTO `customer_login_detail` VALUES (1000000001,'libero.at.auctor@Vivamussit.net','1000000001'),(1000000002,'porttitor.eros@Fuscealiquam.co.uk','1000000002'),(1000000003,'molestie@magnased.com','1000000003'),(1000000004,'orci@interdum.net','1000000004'),(1000000005,'risus@duiaugue.ca','1000000005'),(1000000006,'tincidunt.congue@Donec.ca','1000000006'),(1000000007,'augue.Sed.molestie@volutpat.ca','1000000007'),(1000000008,'feugiat.tellus.lorem@purusin.org','1000000008'),(1000000009,'volutpat@feugiatplacerat.com','1000000009'),(1000000010,'eleifend@nonlacinia.net','1000000010'),(1000000011,'eu.nulla@Pellentesqueultriciesdignissim.co.uk','1000000011'),(1000000012,'dignissim.tempor@ornare.org','1000000012'),(1000000013,'neque@sit.net','1000000013'),(1000000014,'Cras.interdum@magnisdis.edu','1000000014'),(1000000015,'Fusce@blanditenim.org','1000000015'),(1000000016,'vitae.purus.gravida@enim.com','1000000016'),(1000000017,'aptent.taciti.sociosqu@lacusvariuset.ca','1000000017'),(1000000018,'semper@ipsumportaelit.org','1000000018'),(1000000019,'Sed@sit.com','1000000019'),(1000000020,'nulla.magna@aliquetmolestie.org','1000000020'),(1000000021,'auctor.quis.tristique@eueleifendnec.ca','1000000021'),(1000000022,'Donec.nibh.enim@nibhenim.co.uk','1000000022'),(1000000023,'sodales@Maecenasiaculis.org','1000000023'),(1000000024,'venenatis.vel.faucibus@dolor.edu','1000000024'),(1000000025,'enim@mollisInteger.net','1000000025'),(1000000026,'laoreet@massa.edu','1000000026'),(1000000027,'euismod@a.ca','1000000027'),(1000000028,'Phasellus.in@erosnectellus.edu','1000000028'),(1000000029,'non@maurisanunc.co.uk','1000000029'),(1000000030,'pretium.neque.Morbi@Vivamusnibh.co.uk','1000000030'),(1000000031,'et.ipsum@consequatlectussit.net','1000000031'),(1000000032,'nibh.vulputate.mauris@neque.net','1000000032'),(1000000033,'pede.Cras.vulputate@morbitristiquesenectus.com','1000000033'),(1000000034,'In.tincidunt.congue@orci.net','1000000034'),(1000000035,'Duis.elementum@nislQuisque.com','1000000035'),(1000000036,'libero.nec@dolor.edu','1000000036'),(1000000037,'varius@nonleo.org','1000000037'),(1000000038,'gravida.nunc.sed@fringilla.org','1000000038'),(1000000039,'sem@nonfeugiat.net','1000000039'),(1000000040,'turpis@urnanec.co.uk','1000000040'),(1000000041,'arcu@ut.co.uk','1000000041'),(1000000042,'quis.diam.Pellentesque@Cras.com','1000000042'),(1000000043,'dictum.ultricies@ut.edu','1000000043'),(1000000044,'tincidunt.congue@mipedenonummy.com','1000000044'),(1000000045,'sit@scelerisque.co.uk','1000000045'),(1000000046,'urna@ipsumprimis.edu','1000000046'),(1000000047,'ultrices@lorem.edu','1000000047'),(1000000048,'feugiat.Sed.nec@iderat.org','1000000048'),(1000000049,'ligula.consectetuer.rhoncus@idmagnaet.ca','1000000049'),(1000000050,'arcu.Sed.eu@ipsumacmi.co.uk','1000000050'),(1000000051,'nec.orci@et.ca','1000000051'),(1000000052,'nonummy.ut.molestie@urnanec.net','1000000052'),(1000000053,'ut.dolor@Phasellusdolorelit.ca','1000000053'),(1000000054,'nostra.per.inceptos@etarcu.edu','1000000054'),(1000000055,'mauris@Duiselementum.ca','1000000055'),(1000000056,'nascetur.ridiculus@mollis.net','1000000056'),(1000000057,'lobortis.risus@nibhvulputate.com','1000000057'),(1000000058,'montes@faucibus.org','1000000058'),(1000000059,'orci@per.co.uk','1000000059'),(1000000060,'Etiam.bibendum@consectetuer.edu','1000000060'),(1000000061,'amet.diam@erat.net','1000000061'),(1000000062,'nec.diam@anteMaecenas.co.uk','1000000062'),(1000000063,'nonummy.ut@adipiscinglacus.co.uk','1000000063'),(1000000064,'dictum.eu.placerat@blandit.net','1000000064'),(1000000065,'egestas@adipiscingfringilla.org','1000000065'),(1000000066,'erat.volutpat@orci.com','1000000066'),(1000000067,'magna.Duis.dignissim@dictum.org','1000000067'),(1000000068,'Curabitur.dictum@risusvariusorci.edu','1000000068'),(1000000069,'id.ante.dictum@augueeu.org','1000000069'),(1000000070,'Nunc.ac.sem@sitametorci.net','1000000070'),(1000000071,'quis@volutpatornarefacilisis.com','1000000071'),(1000000072,'litora@tempus.co.uk','1000000072'),(1000000073,'vel@risusDuis.org','1000000073'),(1000000074,'urna.justo@quispede.org','1000000074'),(1000000075,'enim.Nunc@Quisqueac.net','1000000075'),(1000000076,'Ut.nec@Nullamfeugiat.com','1000000076'),(1000000077,'vulputate.ullamcorper.magna@elitpharetra.edu','1000000077'),(1000000078,'ut.mi.Duis@quismassa.com','1000000078'),(1000000079,'ridiculus.mus.Donec@Aliquamfringillacursus.ca','1000000079'),(1000000080,'libero.Integer.in@Morbineque.ca','1000000080'),(1000000081,'erat.eget@pharetraQuisque.edu','1000000081'),(1000000082,'diam@felisadipiscing.co.uk','1000000082'),(1000000083,'orci@urnanecluctus.co.uk','1000000083'),(1000000084,'Duis.at@elementum.net','1000000084'),(1000000085,'nec@lacusvestibulumlorem.net','1000000085'),(1000000086,'Ut@nisi.com','1000000086'),(1000000087,'semper.egestas.urna@elit.ca','1000000087'),(1000000088,'est@habitantmorbitristique.org','1000000088'),(1000000089,'justo.Proin@primis.co.uk','1000000089'),(1000000090,'at.risus.Nunc@Integeridmagna.net','1000000090'),(1000000091,'neque.et@sed.com','1000000091'),(1000000092,'fringilla@nibhenim.org','1000000092'),(1000000093,'tincidunt.congue@aliquetdiamSed.net','1000000093'),(1000000094,'fringilla.cursus.purus@cursusinhendrerit.edu','1000000094'),(1000000095,'vestibulum.Mauris@odioAliquamvulputate.com','1000000095'),(1000000096,'aliquet@mauris.org','1000000096'),(1000000097,'leo@parturientmontes.net','1000000097'),(1000000098,'Fusce@maurissit.org','1000000098'),(1000000099,'mauris.a@ut.co.uk','1000000099'),(1000000100,'sem@tinciduntDonecvitae.edu','1000000100');
/*!40000 ALTER TABLE `customer_login_detail` ENABLE KEYS */;
UNLOCK TABLES;

--
-- Table structure for table `customer_personal_detail`
--

DROP TABLE IF EXISTS `customer_personal_detail`;
/*!40101 SET @saved_cs_client     = @@character_set_client */;
/*!50503 SET character_set_client = utf8mb4 */;
CREATE TABLE `customer_personal_detail` (
  `Customer_id` int NOT NULL,
  `name` varchar(50) CHARACTER SET utf8 COLLATE utf8_unicode_ci NOT NULL,
  `email` varchar(50) CHARACTER SET utf8 COLLATE utf8_unicode_ci NOT NULL,
  `house_no` varchar(50) CHARACTER SET utf8 COLLATE utf8_unicode_ci NOT NULL,
  `sector` varchar(20) CHARACTER SET utf8 COLLATE utf8_unicode_ci NOT NULL,
  `city` varchar(50) CHARACTER SET utf8 COLLATE utf8_unicode_ci NOT NULL,
  `state` varchar(20) CHARACTER SET utf8 COLLATE utf8_unicode_ci NOT NULL,
  `pin_code` int NOT NULL,
  `age` int NOT NULL,
  `gender` set('M','F','O') CHARACTER SET utf8 COLLATE utf8_unicode_ci NOT NULL,
  `dob` date NOT NULL,
  `father_name` varchar(20) CHARACTER SET utf8 COLLATE utf8_unicode_ci NOT NULL,
  `mother_name` varchar(20) CHARACTER SET utf8 COLLATE utf8_unicode_ci NOT NULL,
  PRIMARY KEY (`Customer_id`)
) ENGINE=InnoDB DEFAULT CHARSET=utf8 COLLATE=utf8_unicode_ci;
/*!40101 SET character_set_client = @saved_cs_client */;

--
-- Dumping data for table `customer_personal_detail`
--

LOCK TABLES `customer_personal_detail` WRITE;
/*!40000 ALTER TABLE `customer_personal_detail` DISABLE KEYS */;
INSERT INTO `customer_personal_detail` VALUES (1000000001,'Lamar Erickson','libero.at.auctor@Vivamussit.net','P.O. Box 903, 3187 Nostra, Avenue','Sector 2','Kollam','Thane',110019,20,'F','2000-09-06','Henry Morales','Liberty Horn'),(1000000002,'Ria Oconnor','porttitor.eros@Fuscealiquam.co.uk','878-4504 Ridiculus Rd.','Sector 7','Coaldale','Delhi',110040,23,'O','1997-12-16','Ryan Harmon','Velma Norton'),(1000000003,'Jade Clayton','molestie@magnased.com','918 In Street','Sector 8','Vietri di Potenza','Mumbai',110084,23,'M','1997-04-26','Carter Langley','Sheila Gardner'),(1000000004,'Basia Randall','orci@interdum.net','P.O. Box 414, 3710 Adipiscing Av.','Sector 3','Chiusa Sclafani','Bhopal',110037,20,'M','2000-08-12','Adam Dillon','Hannah Franklin'),(1000000005,'Deirdre Pruitt','risus@duiaugue.ca','287-6794 Aliquam St.','Sector 9','Cantalupo in Sabina','Pune',110085,36,'M','1984-02-20','Cadman Barton','Maile Solis'),(1000000006,'Tashya Villarreal','tincidunt.congue@Donec.ca','Ap #709-4559 Egestas Avenue','Sector 8','Oudenburg','Pimpri',110055,22,'O','1999-02-03','Lawrence Knowles','Marcia Cruz'),(1000000007,'Trevor Rose','augue.Sed.molestie@volutpat.ca','9386 Et St.','Sector 10','Portland','Mumbai',110025,22,'O','1998-05-11','Hilel Davenport','Whilemina Snyder'),(1000000008,'Piper Todd','feugiat.tellus.lorem@purusin.org','P.O. Box 892, 4399 Risus, Rd.','Sector 4','Barghe','Pimpri',110031,21,'F','1999-12-04','Carl Rose','Rebecca Haley'),(1000000009,'James Francis','volutpat@feugiatplacerat.com','416-7845 Est, Street','Sector 6','Allerona','Bhopal',110041,22,'F','1998-02-20','Kyle Alston','Simone Goff'),(1000000010,'Jin Jacobs','eleifend@nonlacinia.net','P.O. Box 398, 8696 Velit. Ave','Sector 3','Colorno','Visakhapatnam',110088,26,'F','1994-04-14','Grant Whitney','Maris Daniels'),(1000000011,'Thaddeus Hoffman','eu.nulla@Pellentesqueultriciesdignissim.co.uk','P.O. Box 736, 2853 Sagittis Ave','Sector 4','New Sarepta','Faridabad',110039,24,'O','1996-03-06','Keefe Ingram','Sonya Sharp'),(1000000012,'May Robertson','dignissim.tempor@ornare.org','Ap #464-8523 Hendrerit Rd.','Sector 10','Watermaal-Bosvoorde','Delhi',110020,37,'F','1983-03-19','Jerry Burt','Alexa Oneal'),(1000000013,'Benedict Espinoza','neque@sit.net','2772 Tempor Av.','Sector 6','Yeotmal','Pune',110068,25,'M','1995-06-16','Camden Martinez','Pascale Casey'),(1000000014,'Octavia Pennington','Cras.interdum@magnisdis.edu','8730 Convallis Street','Sector 4','Tczew','Pune',110074,31,'M','1990-01-26','Arthur Arnold','Cara Wallace'),(1000000015,'Eve Fields','Fusce@blanditenim.org','Ap #754-1252 Tincidunt, Road','Sector 6','Katav-Ivanovsk','Lucknow',110042,33,'M','1987-06-16','Bernard Moses','Mara Chan'),(1000000016,'Tate Maldonado','vitae.purus.gravida@enim.com','9991 Molestie Street','Sector 3','Galashiels','Pimpri',110043,25,'F','1996-02-07','Abel William','Tatyana Cruz'),(1000000017,'Elizabeth Dejesus','aptent.taciti.sociosqu@lacusvariuset.ca','7122 Eu Rd.','Sector 9','Bandung','Bhopal',110086,24,'O','1996-09-01','Jarrod Dillard','Athena Galloway'),(1000000018,'Velma Fry','semper@ipsumportaelit.org','470-6285 Ante Street','Sector 12','La Salle','Surat',110061,34,'O','1986-02-23','Gannon Wheeler','Ivy Cross'),(1000000019,'Robin Daugherty','Sed@sit.com','403-8319 Felis, Rd.','Sector 8','Quilpu','Kanpur',110074,22,'O','1998-11-22','Tad Serrano','Macy Elliott'),(1000000020,'Christian Walter','nulla.magna@aliquetmolestie.org','777-889 Rutrum Road','Sector 11','Zwettl-Niedersterreich','Hyderabad',110042,33,'M','1987-08-19','Gavin Webb','Xaviera Hammond'),(1000000021,'Chastity Mcdowell','auctor.quis.tristique@eueleifendnec.ca','107-5275 Nec, Ave','Sector 6','Izel','Kolkata',110073,21,'M','2000-01-27','Amos Webb','Dorothy Simmons'),(1000000022,'Ray Maxwell','Donec.nibh.enim@nibhenim.co.uk','Ap #124-4078 Eu Rd.','Sector 7','Independence','Jaipur',110087,21,'M','1999-07-28','Hall Trevino','Sheila Townsend'),(1000000023,'Hammett Wells','sodales@Maecenasiaculis.org','1650 Tortor. Ave','Sector 10','Pemuco','Agra',110042,21,'O','1999-10-17','Keane Robles','Remedios Burt'),(1000000024,'Raven Elliott','venenatis.vel.faucibus@dolor.edu','557-6867 Tempus Av.','Sector 10','Kincardine','Kolkata',110035,21,'O','1999-08-06','Boris Olsen','Shaine Benton'),(1000000025,'Micah Mcmillan','enim@mollisInteger.net','P.O. Box 884, 9077 Vestibulum, St.','Sector 6','Abaetetuba','Surat',110010,25,'O','1995-12-25','Chancellor Brewer','Carissa Craft'),(1000000026,'Timothy Manning','laoreet@massa.edu','Ap #909-5493 Est St.','Sector 5','Guntur','Nagpur',110003,32,'F','1988-09-10','Jeremy Franklin','Kiara Vargas'),(1000000027,'Tatiana Fisher','euismod@a.ca','Ap #200-9714 Rhoncus. Rd.','Sector 12','Cochrane','Vadodara',110046,38,'O','1982-04-22','Valentine Odom','Hannah Porter'),(1000000028,'Jocelyn Zamora','Phasellus.in@erosnectellus.edu','754-8140 Non, Rd.','Sector 4','Pachuca','Kolkata',110025,35,'F','1985-03-20','Axel Dejesus','Sasha Olsen'),(1000000029,'Zane Kidd','non@maurisanunc.co.uk','Ap #855-3155 Blandit. Avenue','Sector 3','Jeongeup','Patna',110095,25,'M','1995-12-03','Vaughan Griffin','Adria Camacho'),(1000000030,'Magee Cote','pretium.neque.Morbi@Vivamusnibh.co.uk','5530 Etiam Rd.','Sector 2','Wagnele','Chennai',110085,35,'F','1985-06-19','Gray Beasley','Haviva Slater'),(1000000031,'Kylan Parker','et.ipsum@consequatlectussit.net','P.O. Box 123, 9838 Semper Rd.','Sector 6','Fontaine-Valmont','Nagpur',110042,37,'O','1983-12-29','Merritt Robinson','Evelyn Hudson'),(1000000032,'Amy Gillespie','nibh.vulputate.mauris@neque.net','9155 Nulla Av.','Sector 1','Vaux-sur-Sure','Vadodara',110058,29,'O','1991-02-19','Berk Bradford','Cathleen Henson'),(1000000033,'Garrett Combs','pede.Cras.vulputate@morbitristiquesenectus.com','1647 Augue St.','Sector 6','Abeokuta','Jaipur',110061,32,'O','1988-03-25','Trevor Bailey','Lee Murphy'),(1000000034,'Ella Nguyen','In.tincidunt.congue@orci.net','P.O. Box 572, 4741 Orci, St.','Sector 5','Wansin','Visakhapatnam',110066,25,'F','1995-07-24','Jackson Yates','Hillary Tran'),(1000000035,'Sybil Frost','Duis.elementum@nislQuisque.com','996-9781 Metus. St.','Sector 9','Dera Ghazi Khan','Indore',110069,24,'O','1996-09-28','Felix Mack','Gay Rosa'),(1000000036,'Desiree Pollard','libero.nec@dolor.edu','1077 Sit St.','Sector 10','Brye','Faridabad',110081,28,'M','1992-09-27','Nicholas Forbes','Gemma Pena'),(1000000037,'Irene Sandoval','varius@nonleo.org','6108 Eu Av.','Sector 7','Eckernfrde','Thane',110011,27,'F','1993-05-31','Ferdinand Baldwin','Mechelle Harper'),(1000000038,'Axel Fitzgerald','gravida.nunc.sed@fringilla.org','450-5258 Nec Ave','Sector 12','Malang','Chennai',110090,36,'M','1984-02-29','Keaton Huffman','Minerva Mendez'),(1000000039,'Abdul Stout','sem@nonfeugiat.net','9255 Imperdiet Av.','Sector 8','Murree','Agra',110078,24,'O','1996-03-24','Gage Anderson','Justina Snow'),(1000000040,'Cassady Spencer','turpis@urnanec.co.uk','5055 Lacinia. Rd.','Sector 8','Helkijn','Thane',110086,31,'F','1989-03-21','Drew Bradshaw','Ruby Goff'),(1000000041,'Rhiannon Stevens','arcu@ut.co.uk','997-2292 Sem. Road','Sector 1','Tribogna','Patna',110051,32,'M','1988-05-02','Lewis Ayers','Meghan Graham'),(1000000042,'Kiara Valentine','quis.diam.Pellentesque@Cras.com','282-412 Facilisi. St.','Sector 3','Leeuwarden','Hyderabad',110098,34,'M','1986-09-09','Kato Noble','Celeste Powell'),(1000000043,'Kyle Cobb','dictum.ultricies@ut.edu','6417 Nec, Av.','Sector 10','High Level','Faridabad',110074,31,'M','1989-02-24','Kenneth Tanner','Anastasia Blake'),(1000000044,'Sarah Espinoza','tincidunt.congue@mipedenonummy.com','912-3367 Cursus St.','Sector 10','Sperlinga','Jaipur',110066,33,'O','1987-08-29','Jordan Suarez','Karina Bell'),(1000000045,'Ira Holden','sit@scelerisque.co.uk','870 Nunc Rd.','Sector 3','San Mauro Marchesato','Kanpur',110051,23,'O','1997-03-24','Noble Bell','Shaeleigh Holden'),(1000000046,'Magee Cain','urna@ipsumprimis.edu','3997 Non Street','Sector 4','Sant\'Onofrio','Pune',110032,32,'F','1988-05-17','Finn Blair','Velma Flores'),(1000000047,'Christopher Campbell','ultrices@lorem.edu','Ap #359-7282 Venenatis Street','Sector 5','Puerto Colombia','Thane',110002,33,'O','1987-04-15','Lyle Espinoza','Lara Grimes'),(1000000048,'Sonia Robles','feugiat.Sed.nec@iderat.org','144-7803 Ipsum St.','Sector 1','Whittlesey','Delhi',110071,20,'F','2000-02-29','Edan Weiss','Riley Sanders'),(1000000049,'Tasha Lester','ligula.consectetuer.rhoncus@idmagnaet.ca','2989 Est Road','Sector 1','Mandurah','Jaipur',110008,27,'F','1993-07-22','Jackson Henry','Alisa Robbins'),(1000000050,'Amelia Rios','arcu.Sed.eu@ipsumacmi.co.uk','Ap #641-4353 Metus. Avenue','Sector 4','Daly','Nagpur',110006,20,'O','2000-07-17','Tobias Waller','Beverly Finch'),(1000000051,'Georgia Cobb','nec.orci@et.ca','5903 Aliquet, Ave','Sector 11','Neyveli','Hyderabad',110011,28,'M','1992-07-28','Deacon Burke','Mari Langley'),(1000000052,'Zelda Kaufman','nonummy.ut.molestie@urnanec.net','P.O. Box 245, 5245 Turpis St.','Sector 10','Cwmbran','Hyderabad',110004,25,'F','1995-02-22','Jeremy Harmon','Veronica Wooten'),(1000000053,'Honorato Henry','ut.dolor@Phasellusdolorelit.ca','8112 Et Street','Sector 1','Chepn','Visakhapatnam',110008,37,'F','1983-11-21','Kasper Mccarthy','Maris Albert'),(1000000054,'Nevada Lowery','nostra.per.inceptos@etarcu.edu','1540 Consectetuer Road','Sector 8','Lexington','Ahmedabad',110073,22,'M','1998-04-18','Orlando Morrow','Galena Chandler'),(1000000055,'Vernon Sellers','mauris@Duiselementum.ca','P.O. Box 546, 2340 Eu Av.','Sector 5','Trogne','Thane',110071,36,'F','1984-08-10','Tarik Norton','Isabella Collins'),(1000000056,'Hakeem Williams','nascetur.ridiculus@mollis.net','8254 Justo Rd.','Sector 12','Sorg','Surat',110092,21,'M','1999-03-20','Todd Douglas','Aileen Rios'),(1000000057,'Julie Oneil','lobortis.risus@nibhvulputate.com','Ap #508-3405 Libero Rd.','Sector 4','Wasseiges','Nashik',110047,35,'M','1985-09-14','Jasper Harrison','Stephanie Clements'),(1000000058,'Caryn Glass','montes@faucibus.org','P.O. Box 435, 4403 Mollis St.','Sector 4','Davoli','Patna',110094,30,'F','1990-06-24','Baker Lowe','Blossom Paul'),(1000000059,'Melissa Mueller','orci@per.co.uk','504-1937 In St.','Sector 9','Saint-Laurent','Ludhiana',110026,33,'O','1987-07-22','Carson Fleming','Serina Mathis'),(1000000060,'Natalie Chapman','Etiam.bibendum@consectetuer.edu','Ap #287-8380 Cras Avenue','Sector 11','Tribogna','Lucknow',110016,32,'M','1988-11-02','Paki Frye','Scarlet Santana'),(1000000061,'Wylie Morton','amet.diam@erat.net','P.O. Box 236, 6830 Quis Ave','Sector 11','Campochiaro','Visakhapatnam',110018,40,'M','1980-08-02','Darius Blake','Zoe Gallegos'),(1000000062,'Cathleen Calhoun','nec.diam@anteMaecenas.co.uk','538-9517 Tellus St.','Sector 5','Anantapur','Vadodara',110066,33,'O','1987-03-02','Noble Yates','Jamalia Blevins'),(1000000063,'Odette Hopper','nonummy.ut@adipiscinglacus.co.uk','214-8809 Proin Street','Sector 4','Mont-de-Marsan','Pimpri',110067,21,'M','1999-03-09','Levi Holloway','Hayfa Wade'),(1000000064,'Clementine Barnett','dictum.eu.placerat@blandit.net','5218 Adipiscing Avenue','Sector 7','Vancouver','Pune',110021,33,'F','1987-10-11','Oleg Lewis','Colleen Erickson'),(1000000065,'Haley Nash','egestas@adipiscingfringilla.org','P.O. Box 956, 5433 Sed Rd.','Sector 8','Vellore','Lucknow',110035,33,'F','1987-10-21','Allen Shaffer','Desirae Perkins'),(1000000066,'Ezra Floyd','erat.volutpat@orci.com','Ap #606-7436 Eu Av.','Sector 1','Kawartha Lakes','Delhi',110060,28,'F','1992-07-07','Porter Watkins','Stephanie Galloway'),(1000000067,'Ori Burch','magna.Duis.dignissim@dictum.org','P.O. Box 538, 2358 A St.','Sector 1','Vologda','Jaipur',110087,34,'O','1986-09-04','Ferdinand Durham','Jaime Alvarado'),(1000000068,'Maris Buckley','Curabitur.dictum@risusvariusorci.edu','299-7463 Mollis Rd.','Sector 2','Haripur','Faridabad',110006,39,'M','1981-04-24','Carter Owens','Willow Barrera'),(1000000069,'Natalie Phillips','id.ante.dictum@augueeu.org','709-220 Urna, Rd.','Sector 9','Varanasi','Pune',110071,27,'M','1993-08-17','Trevor Eaton','Gwendolyn Wooten'),(1000000070,'Carolyn Bowen','Nunc.ac.sem@sitametorci.net','P.O. Box 542, 7359 Nibh. Avenue','Sector 10','Henis','Agra',110089,31,'M','1989-10-18','Marshall Arnold','Aubrey Cole'),(1000000071,'Xander Thompson','quis@volutpatornarefacilisis.com','962-7875 Et, Avenue','Sector 8','Maser','Mumbai',110033,29,'O','1991-04-25','Avram Bartlett','Paloma Bush'),(1000000072,'Timon Barrera','litora@tempus.co.uk','4991 Varius Av.','Sector 9','Cheongju','Thane',110085,33,'M','1987-04-07','Barrett Reese','Yuri Calderon'),(1000000073,'Dorothy Norris','vel@risusDuis.org','8956 Senectus Av.','Sector 8','Hualpn','Pune',110083,29,'F','1991-08-13','Barry Chavez','Alice James'),(1000000074,'Kimberly Norton','urna.justo@quispede.org','2638 A Avenue','Sector 5','Dubbo','Pune',110066,40,'O','1980-06-27','Cadman Dodson','Dominique Hull'),(1000000075,'Leandra Walter','enim.Nunc@Quisqueac.net','P.O. Box 882, 1190 Eget Rd.','Sector 7','Orenburg','Lucknow',110029,38,'F','1982-04-17','Aidan Montoya','Kylynn Reilly'),(1000000076,'Mia Santiago','Ut.nec@Nullamfeugiat.com','4593 Risus Rd.','Sector 7','Hamoir','Delhi',110062,33,'O','1987-09-17','Nehru Thornton','Dorothy Lott'),(1000000077,'Byron Hopkins','vulputate.ullamcorper.magna@elitpharetra.edu','413 Mauris Avenue','Sector 1','Armento','Thane',110058,21,'M','2000-02-04','Wallace House','Kitra Lambert'),(1000000078,'Joshua Lawrence','ut.mi.Duis@quismassa.com','3163 Ut Ave','Sector 6','Gonnosn','Visakhapatnam',110055,24,'F','1997-01-13','Price Cannon','Marcia Osborne'),(1000000079,'Clayton Murphy','ridiculus.mus.Donec@Aliquamfringillacursus.ca','6401 Molestie St.','Sector 9','Murwara','Ghaziabad',110006,34,'M','1987-01-06','Bert Barrett','Aimee Clark'),(1000000080,'Quintessa Ingram','libero.Integer.in@Morbineque.ca','5632 Lacus. Rd.','Sector 7','Laren','Bhopal',110036,19,'O','2001-03-01','Knox Schwartz','Tatyana Lott'),(1000000081,'Harrison Lowe','erat.eget@pharetraQuisque.edu','6786 Donec St.','Sector 7','Polcenigo','Kolkata',110090,24,'M','1996-08-04','Warren Summers','Iliana Ramirez'),(1000000082,'Chava Roy','diam@felisadipiscing.co.uk','807 Felis Rd.','Sector 12','Susegana','Ludhiana',110021,32,'M','1989-01-14','Alan Mann','Orla Gentry'),(1000000083,'Belle Estes','orci@urnanecluctus.co.uk','Ap #899-4897 Nam Av.','Sector 10','Wonju','Nagpur',110093,25,'F','1995-07-17','Lucius Solomon','Bree Lewis'),(1000000084,'Aline Mcmahon','Duis.at@elementum.net','850 Justo. Av.','Sector 8','Stony Plain','Chennai',110056,37,'O','1983-12-02','Channing Fry','Mona Chambers'),(1000000085,'Halee Schmidt','nec@lacusvestibulumlorem.net','Ap #571-5351 Ut St.','Sector 4','Aisemont','Pimpri',110010,20,'M','2000-05-28','Rooney Knapp','Erica Whitehead'),(1000000086,'Kameko Black','Ut@nisi.com','5176 Id Avenue','Sector 4','Conca Casale','Nagpur',110013,31,'F','1989-09-25','Hayden Conrad','Amity Gilmore'),(1000000087,'Uta Bullock','semper.egestas.urna@elit.ca','402-4015 Consectetuer Rd.','Sector 12','Balikpapan','Hyderabad',110079,28,'M','1992-03-18','Timon Harper','Patience Bass'),(1000000088,'Madeson Vargas','est@habitantmorbitristique.org','Ap #705-3836 Elementum, Street','Sector 12','Montigny-ls-Metz','Visakhapatnam',110081,28,'F','1992-02-28','Nehru Dyer','Pamela Parrish'),(1000000089,'Ross Chang','justo.Proin@primis.co.uk','3684 Est. Rd.','Sector 5','Juliaca','Agra',110079,36,'M','1984-10-21','Rudyard Wilson','Dacey Johnston'),(1000000090,'Jamal Chavez','at.risus.Nunc@Integeridmagna.net','8288 Risus. Rd.','Sector 2','Gulfport','Pune',110021,27,'F','1993-04-27','Barry Sullivan','Halla Mann'),(1000000091,'Bryar Bradford','neque.et@sed.com','836-2667 Nam Road','Sector 12','Tarragona','Surat',110097,19,'O','2001-10-11','Gil Stewart','Michelle Buchanan'),(1000000092,'Bryar Buchanan','fringilla@nibhenim.org','Ap #717-4639 Enim. Av.','Sector 8','Madison','Nashik',110032,19,'M','2001-08-08','Bradley Webb','Tashya Phillips'),(1000000093,'Matthew Sykes','tincidunt.congue@aliquetdiamSed.net','7213 Diam. Street','Sector 12','Muzaffarpur','Delhi',110067,22,'M','1998-12-05','Calvin Simpson','Ainsley Aguirre'),(1000000094,'Coby Pierce','fringilla.cursus.purus@cursusinhendrerit.edu','Ap #956-1984 Magna Rd.','Sector 2','Camaari','Mumbai',110083,39,'F','1981-04-04','Scott Barlow','Florence Pace'),(1000000095,'Levi Carey','vestibulum.Mauris@odioAliquamvulputate.com','7944 A, Road','Sector 3','Spaniard\'s Bay','Indore',110049,29,'O','1991-07-12','Rooney French','Sopoline Frank'),(1000000096,'James Barber','aliquet@mauris.org','Ap #284-3738 Quis Av.','Sector 4','Gualdo Cattaneo','Nagpur',110032,38,'F','1983-01-20','Kamal Warren','Bo Rocha'),(1000000097,'Mufutau Vinson','leo@parturientmontes.net','729-2080 Vulputate Ave','Sector 6','Offenbach am Main','Bangalore',110050,27,'M','1993-09-15','Abdul Bright','Hayley Giles'),(1000000098,'Uta Robertson','Fusce@maurissit.org','413-1423 Cursus Rd.','Sector 10','Coalhurst','Bhopal',110016,34,'M','1986-05-28','Ciaran Conway','Zoe Knowles'),(1000000099,'Oliver Herrera','mauris.a@ut.co.uk','9934 Placerat. Avenue','Sector 6','Pune','Agra',110076,30,'O','1990-08-11','Griffith Cooper','Quincy Cochran'),(1000000100,'Nola Gregory','sem@tinciduntDonecvitae.edu','P.O. Box 485, 8302 Blandit St.','Sector 3','La Thuile','Bhopal',110005,33,'O','1987-11-11','Davis Petty','Tana York'),(1000000101,'Ajay','ajay2013@gmail.com','23','Sector 21','New Delhi','New Delhi',110077,23,'M','2000-08-08','Senior','Ajay');
/*!40000 ALTER TABLE `customer_personal_detail` ENABLE KEYS */;
UNLOCK TABLES;

--
-- Table structure for table `loan_application_data`
--

DROP TABLE IF EXISTS `loan_application_data`;
/*!40101 SET @saved_cs_client     = @@character_set_client */;
/*!50503 SET character_set_client = utf8mb4 */;
CREATE TABLE `loan_application_data` (
  `application_id` int NOT NULL AUTO_INCREMENT,
  `Loan_id` int NOT NULL,
  `Customer_id` int NOT NULL,
  `Status` set('PENDING','ACCEPTED','REJECTED') NOT NULL DEFAULT 'PENDING',
  `principal` int NOT NULL,
  `max_period` int NOT NULL,
  PRIMARY KEY (`application_id`),
  UNIQUE KEY `application_id_UNIQUE` (`application_id`),
  KEY `loan_id` (`Loan_id`)
) ENGINE=InnoDB AUTO_INCREMENT=1000000008 DEFAULT CHARSET=utf8mb4 COLLATE=utf8mb4_general_ci;
/*!40101 SET character_set_client = @saved_cs_client */;

--
-- Dumping data for table `loan_application_data`
--

LOCK TABLES `loan_application_data` WRITE;
/*!40000 ALTER TABLE `loan_application_data` DISABLE KEYS */;
INSERT INTO `loan_application_data` VALUES (1000000001,1,1000000001,'PENDING',100000,100),(1000000002,4,1000000002,'PENDING',100000,102),(1000000003,2,1000000003,'PENDING',100000,200),(1000000004,5,1000000004,'PENDING',100000,50),(1000000005,2,1000000005,'PENDING',100000,80),(1000000006,3,1000000006,'PENDING',100000,75),(1000000007,1,1000000007,'PENDING',100000,78);
/*!40000 ALTER TABLE `loan_application_data` ENABLE KEYS */;
UNLOCK TABLES;

--
-- Table structure for table `loan_table`
--

DROP TABLE IF EXISTS `loan_table`;
/*!40101 SET @saved_cs_client     = @@character_set_client */;
/*!50503 SET character_set_client = utf8mb4 */;
CREATE TABLE `loan_table` (
  `Loan_ID` int NOT NULL,
  `principal` int NOT NULL,
  `max_period` int NOT NULL,
  PRIMARY KEY (`Loan_ID`)
) ENGINE=InnoDB DEFAULT CHARSET=utf8mb4 COLLATE=utf8mb4_general_ci;
/*!40101 SET character_set_client = @saved_cs_client */;

--
-- Dumping data for table `loan_table`
--

LOCK TABLES `loan_table` WRITE;
/*!40000 ALTER TABLE `loan_table` DISABLE KEYS */;
/*!40000 ALTER TABLE `loan_table` ENABLE KEYS */;
UNLOCK TABLES;

--
-- Table structure for table `mnc_account_details`
--

DROP TABLE IF EXISTS `mnc_account_details`;
/*!40101 SET @saved_cs_client     = @@character_set_client */;
/*!50503 SET character_set_client = utf8mb4 */;
CREATE TABLE `mnc_account_details` (
  `comp_id` varchar(10) CHARACTER SET utf8 COLLATE utf8_unicode_ci NOT NULL,
  `bank_partner` varchar(20) CHARACTER SET utf8 COLLATE utf8_unicode_ci NOT NULL,
  `type_of_account` varchar(10) CHARACTER SET utf8 COLLATE utf8_unicode_ci NOT NULL,
  `loan_amount` int NOT NULL,
  `loan_period` int NOT NULL,
  `fixed_deposit` int NOT NULL,
  `interest_rate` int NOT NULL,
  PRIMARY KEY (`comp_id`),
  KEY `bank_partner` (`bank_partner`),
  CONSTRAINT `MNC_account_details_ibfk_1` FOREIGN KEY (`bank_partner`) REFERENCES `bank` (`bank_id`)
) ENGINE=InnoDB DEFAULT CHARSET=utf8 COLLATE=utf8_unicode_ci;
/*!40101 SET character_set_client = @saved_cs_client */;

--
-- Dumping data for table `mnc_account_details`
--

LOCK TABLES `mnc_account_details` WRITE;
/*!40000 ALTER TABLE `mnc_account_details` DISABLE KEYS */;
INSERT INTO `mnc_account_details` VALUES ('COMP100021','BANK100001','Current',121324235,2,123123123,15);
/*!40000 ALTER TABLE `mnc_account_details` ENABLE KEYS */;
UNLOCK TABLES;

--
-- Table structure for table `mnc_and_govtsector`
--

DROP TABLE IF EXISTS `mnc_and_govtsector`;
/*!40101 SET @saved_cs_client     = @@character_set_client */;
/*!50503 SET character_set_client = utf8mb4 */;
CREATE TABLE `mnc_and_govtsector` (
  `comp_id` varchar(10) CHARACTER SET utf8 COLLATE utf8_unicode_ci NOT NULL,
  `company_name` varchar(20) CHARACTER SET utf8 COLLATE utf8_unicode_ci NOT NULL,
  `company type` varchar(50) CHARACTER SET utf8 COLLATE utf8_unicode_ci NOT NULL,
  `bank` varchar(20) CHARACTER SET utf8 COLLATE utf8_unicode_ci NOT NULL,
  `bank_branch` varchar(20) CHARACTER SET utf8 COLLATE utf8_unicode_ci NOT NULL,
  `account_no` int NOT NULL,
  `ifsc_code` varchar(13) CHARACTER SET utf8 COLLATE utf8_unicode_ci NOT NULL,
  `nature_of_business` varchar(10) CHARACTER SET utf8 COLLATE utf8_unicode_ci NOT NULL,
  `email_id` varchar(50) CHARACTER SET utf8 COLLATE utf8_unicode_ci NOT NULL,
  `contact_no` int NOT NULL,
  `tax_bracket` varchar(5) CHARACTER SET utf8 COLLATE utf8_unicode_ci NOT NULL,
  `date_of_establishment` date DEFAULT NULL,
  PRIMARY KEY (`comp_id`)
) ENGINE=InnoDB DEFAULT CHARSET=utf8 COLLATE=utf8_unicode_ci;
/*!40101 SET character_set_client = @saved_cs_client */;

--
-- Dumping data for table `mnc_and_govtsector`
--

LOCK TABLES `mnc_and_govtsector` WRITE;
/*!40000 ALTER TABLE `mnc_and_govtsector` DISABLE KEYS */;
INSERT INTO `mnc_and_govtsector` VALUES ('COMP100021','A','Public','SBI','100001',1000012123,'SBI12345','Secondary','diam.Pellentesque.habitant@Cras.net',1234567890,'TIER1',NULL),('COMP100022','B','Private','BOB','300001',1000012124,'BOB12346','Tertiary','arcu.Aliquam@nullaCraseu.edu',1234567891,'TIER2',NULL),('COMP100023','C','Joint','HDFC','400001',1000012125,'HDFC12347','Secondary','est.Mauris@famesacturpis.net',1234567892,'TIER3',NULL),('COMP100024','D','Private','HSBC','500001',1000012126,'HSBC12348','Tertiary','Quisque.nonummy.ipsum@Lorem.ca',1234567893,'TIER1',NULL),('COMP100025','E','Joint','PNB','600001',1000012127,'PNB12349','Secondary','et.ultrices.posuere@Donec.com',1234567894,'TIER2',NULL),('COMP100026','F','Public','SBI','100001',1000012128,'SBI12350','Tertiary','Cum.sociis.natoque@Crasegetnisi.org',1234567895,'TIER3',NULL),('COMP100027','G','Private','BOB','300001',1000012129,'BOB12351','Secondary','est.tempor.bibendum@malesuadavel.com',1234567896,'TIER1',NULL),('COMP100028','H','Cooperative','HDFC','400001',1000012130,'HDFC12352','Tertiary','malesuada@est.org',1234567897,'TIER2',NULL),('COMP100029','I','Private','HSBC','500001',1000012131,'HSBC12353','Secondary','euismod@Inornaresagittis.ca',1234567898,'TIER3',NULL),('COMP100030','J','Cooperative','PNB','600001',1000012132,'PNB12354','Tertiary','condimentum@sagittisDuis.org',1234567899,'TIER1',NULL),('COMP100031','K','Public','SBI','100002',1000012133,'SBI12355','Secondary','amet.ultricies.sem@tristiquepellentesquetellus.org',1234567900,'TIER2',NULL),('COMP100032','L','Cooperative','BOB','300002',1000012134,'BOB12356','Tertiary','vitae.aliquet@variuseteuismod.ca',1234567901,'TIER3',NULL),('COMP100033','M','Private','HDFC','400002',1000012135,'HDFC12357','Secondary','Integer@ametlorem.co.uk',1234567902,'TIER1',NULL),('COMP100034','N','Public','HSBC','500002',1000012136,'HSBC12358','Tertiary','tellus@sedpede.net',1234567903,'TIER2',NULL),('COMP100035','O','Private','PNB','600002',1000012137,'PNB12359','Secondary','morbi.tristique.senectus@adipiscing.co.uk',1234567904,'TIER3',NULL),('COMP100036','P','Private','SBI','100002',1000012138,'SBI12360','Tertiary','ullamcorper.Duis@idblanditat.org',1234567905,'TIER1',NULL),('COMP100037','Q','Joint','BOB','300002',1000012139,'BOB12361','Secondary','Nam.consequat@ipsumPhasellusvitae.net',1234567906,'TIER2',NULL),('COMP100038','R','Public','HDFC','400002',1000012140,'HDFC12362','Tertiary','consectetuer.ipsum@id.co.uk',1234567907,'TIER3',NULL),('COMP100039','S','Joint','HSBC','500002',1000012141,'HSBC12363','Secondary','iaculis.lacus@scelerisque.com',1234567908,'TIER1',NULL),('COMP100040','T','Public','PNB','600002',1000012142,'PNB12364','Tertiary','neque@turpis.ca',1234567909,'TIER2',NULL);
/*!40000 ALTER TABLE `mnc_and_govtsector` ENABLE KEYS */;
UNLOCK TABLES;

--
-- Table structure for table `mnc_startupfundins`
--

DROP TABLE IF EXISTS `mnc_startupfundins`;
/*!40101 SET @saved_cs_client     = @@character_set_client */;
/*!50503 SET character_set_client = utf8mb4 */;
CREATE TABLE `mnc_startupfundins` (
  `comp_id` varchar(10) CHARACTER SET utf8 COLLATE utf8_unicode_ci NOT NULL,
  `su_id` varchar(10) CHARACTER SET utf8 COLLATE utf8_unicode_ci NOT NULL,
  `su_name` varchar(20) CHARACTER SET utf8 COLLATE utf8_unicode_ci NOT NULL,
  `su_nature` int NOT NULL,
  `fundings(liquid funds)` int NOT NULL,
  `fundings(credits)` int NOT NULL,
  `shareholder` int NOT NULL,
  `risk` int NOT NULL,
  PRIMARY KEY (`comp_id`)
) ENGINE=InnoDB DEFAULT CHARSET=utf8 COLLATE=utf8_unicode_ci;
/*!40101 SET character_set_client = @saved_cs_client */;

--
-- Dumping data for table `mnc_startupfundins`
--

LOCK TABLES `mnc_startupfundins` WRITE;
/*!40000 ALTER TABLE `mnc_startupfundins` DISABLE KEYS */;
INSERT INTO `mnc_startupfundins` VALUES ('COMP100001','STUP100001','ABCDE',2,1242421,213123,123,-1);
/*!40000 ALTER TABLE `mnc_startupfundins` ENABLE KEYS */;
UNLOCK TABLES;

--
-- Table structure for table `products`
--

DROP TABLE IF EXISTS `products`;
/*!40101 SET @saved_cs_client     = @@character_set_client */;
/*!50503 SET character_set_client = utf8mb4 */;
CREATE TABLE `products` (
  `seller_id` varchar(10) CHARACTER SET utf8 COLLATE utf8_unicode_ci NOT NULL,
  `product_id` int NOT NULL,
  `product_name` varchar(30) CHARACTER SET utf8 COLLATE utf8_unicode_ci NOT NULL,
  PRIMARY KEY (`product_id`)
) ENGINE=InnoDB DEFAULT CHARSET=utf8 COLLATE=utf8_unicode_ci;
/*!40101 SET character_set_client = @saved_cs_client */;

--
-- Dumping data for table `products`
--

LOCK TABLES `products` WRITE;
/*!40000 ALTER TABLE `products` DISABLE KEYS */;
INSERT INTO `products` VALUES ('COMP100001',100,'Dodge'),('COMP100002',101,'BMW'),('COMP100003',102,'Ford'),('COMP100004',103,'Porsche'),('COMP100005',104,'Volkswagen'),('COMP100006',105,'Daihatsu'),('COMP100007',106,'Daimler'),('COMP100008',107,'Subaru'),('COMP100009',108,'Hyundai Motors'),('COMP100010',109,'Vauxhall'),('STUP100001',110,'Mitsubishi Motors'),('STUP100002',111,'Toyota'),('STUP100003',112,'Daihatsu'),('STUP100004',113,'Mahindra and Mahindra'),('STUP100005',114,'General Motors'),('STUP100006',115,'Isuzu'),('STUP100007',116,'Porsche'),('STUP100008',117,'Renault'),('STUP100009',118,'MINI'),('STUP100010',119,'Cadillac');
/*!40000 ALTER TABLE `products` ENABLE KEYS */;
UNLOCK TABLES;

--
-- Table structure for table `startup_funds`
--

DROP TABLE IF EXISTS `startup_funds`;
/*!40101 SET @saved_cs_client     = @@character_set_client */;
/*!50503 SET character_set_client = utf8mb4 */;
CREATE TABLE `startup_funds` (
  `fund_id` int NOT NULL,
  `source_id` varchar(10) CHARACTER SET utf8 COLLATE utf8_unicode_ci NOT NULL,
  `value` int NOT NULL,
  `interest` int NOT NULL,
  PRIMARY KEY (`fund_id`)
) ENGINE=InnoDB DEFAULT CHARSET=utf8 COLLATE=utf8_unicode_ci;
/*!40101 SET character_set_client = @saved_cs_client */;

--
-- Dumping data for table `startup_funds`
--

LOCK TABLES `startup_funds` WRITE;
/*!40000 ALTER TABLE `startup_funds` DISABLE KEYS */;
INSERT INTO `startup_funds` VALUES (100000045,'COMP100003',116485,7),(100000046,'COMP100004',764327,8),(100000047,'COMP100005',181421,6),(100000048,'COMP100006',310669,8),(100000049,'COMP100007',830836,4),(100000050,'COMP100008',932246,4),(100000051,'COMP100009',412305,7),(100000052,'COMP100010',572502,6),(100000053,'COMP100011',97904,5),(100000054,'COMP100012',486000,8),(100000055,'COMP100013',748261,5),(100000056,'COMP100014',292942,8),(100000057,'COMP100002',730599,7),(100000058,'COMP100003',676858,7),(100000059,'COMP100004',501291,7),(100000060,'COMP100005',183414,8),(100000061,'COMP100006',136802,7),(100000062,'COMP100007',277134,5),(100000063,'COMP100008',305431,7),(100000064,'COMP100009',401039,7);
/*!40000 ALTER TABLE `startup_funds` ENABLE KEYS */;
UNLOCK TABLES;

--
-- Table structure for table `startups`
--

DROP TABLE IF EXISTS `startups`;
/*!40101 SET @saved_cs_client     = @@character_set_client */;
/*!50503 SET character_set_client = utf8mb4 */;
CREATE TABLE `startups` (
  `su_id` varchar(10) CHARACTER SET utf8 COLLATE utf8_unicode_ci NOT NULL,
  `su_name` varchar(20) CHARACTER SET utf8 COLLATE utf8_unicode_ci NOT NULL,
  `account_id` int NOT NULL,
  `date_till_Account_valid` date NOT NULL,
  `date_created` date NOT NULL,
  `bank_balance` int NOT NULL,
  `sales_type` varchar(10) CHARACTER SET utf8 COLLATE utf8_unicode_ci NOT NULL,
  `registered_email` varchar(50) CHARACTER SET utf8 COLLATE utf8_unicode_ci NOT NULL,
  `registered_photo` int NOT NULL,
  `linked_accounts` int NOT NULL,
  `locations(state)` varchar(20) CHARACTER SET utf8 COLLATE utf8_unicode_ci NOT NULL,
  `size` varchar(1) CHARACTER SET utf8 COLLATE utf8_unicode_ci NOT NULL,
  `tax_owned` int NOT NULL,
  PRIMARY KEY (`su_id`)
) ENGINE=InnoDB DEFAULT CHARSET=utf8 COLLATE=utf8_unicode_ci;
/*!40101 SET character_set_client = @saved_cs_client */;

--
-- Dumping data for table `startups`
--

LOCK TABLES `startups` WRITE;
/*!40000 ALTER TABLE `startups` DISABLE KEYS */;
INSERT INTO `startups` VALUES ('STUP10000','Blythe',1000000000,'2019-02-07','2020-03-02',1000000,'Hygeine','diam.Pellentesque.habitant@Cras.net',12,2000000001,'Delhi','A',84998),('STUP10001','Coby',1000000001,'2019-02-12','2020-02-15',1000001,'Food','arcu.Aliquam@nullaCraseu.edu',13,2000000000,'Kerala','B',70604),('STUP10002','Samuel',1000000002,'2019-02-10','2020-06-30',1000002,'Fashion','est.Mauris@famesacturpis.net',14,1999999999,'Delhi','C',84182),('STUP10003','Jared',1000000003,'2019-02-05','2021-01-20',1000003,'Travel','Quisque.nonummy.ipsum@Lorem.ca',15,1999999998,'Arunachal','D',5671),('STUP10004','Calvin',1000000004,'2019-02-10','2021-01-31',1000004,'Appliances','et.ultrices.posuere@Donec.com',16,1999999997,'Jammu and Kashmir','E',98677),('STUP10005','Tamara',1000000005,'2019-02-06','2020-07-17',1000005,'Hygeine','Cum.sociis.natoque@Crasegetnisi.org',17,1999999996,'Andhra Pradesh','A',25049),('STUP10006','Kaye',1000000006,'2019-02-14','2020-04-15',1000006,'Food','est.tempor.bibendum@malesuadavel.com',18,1999999995,'Punjab','B',36523),('STUP10007','Beatrice',1000000007,'2019-02-14','2020-12-08',1000007,'Fashion','malesuada@est.org',19,1999999994,'Chhattisgarh','C',11558),('STUP10008','Nicholas',1000000008,'2019-02-08','2020-06-22',1000008,'Travel','euismod@Inornaresagittis.ca',20,1999999993,'Madhya Pradesh','D',80045),('STUP10009','Tyrone',1000000009,'2019-02-06','2020-05-27',1000009,'Appliances','condimentum@sagittisDuis.org',21,1999999992,'Uttar Pradesh','E',49461),('STUP10010','Shad',1000000010,'2019-02-08','2020-12-23',1000000,'Hygeine','amet.ultricies.sem@tristiquepellentesquetellus.org',22,1999999991,'Gujarat','A',6444),('STUP10011','Luke',1000000011,'2019-02-05','2021-01-15',1000001,'Food','vitae.aliquet@variuseteuismod.ca',23,1999999990,'Haryana','B',25602),('STUP10012','Juliet',1000000012,'2019-02-13','2020-11-14',1000002,'Fashion','Integer@ametlorem.co.uk',24,1999999989,'Telangana','C',54504),('STUP10013','Winter',1000000013,'2019-02-05','2020-11-18',1000003,'Travel','tellus@sedpede.net',25,1999999988,'Madhya Pradesh','D',17555),('STUP10014','Ciara',1000000014,'2019-02-13','2020-03-25',1000004,'Appliances','morbi.tristique.senectus@adipiscing.co.uk',26,1999999987,'Tamil Nadu','E',24252),('STUP10015','Adele',1000000015,'2019-02-10','2020-06-11',1000005,'Hygeine','ullamcorper.Duis@idblanditat.org',27,1999999986,'Punjab','A',31495),('STUP10016','Jared',1000000016,'2019-02-05','2020-05-21',1000006,'Food','Nam.consequat@ipsumPhasellusvitae.net',28,1999999985,'Bihar','B',21321),('STUP10017','Hyacinth',1000000017,'2019-02-14','2020-12-05',1000007,'Fashion','consectetuer.ipsum@id.co.uk',29,1999999984,'Gujarat','C',79975),('STUP10018','Len',1000000018,'2019-02-09','2020-08-14',1000008,'Travel','iaculis.lacus@scelerisque.com',30,1999999983,'Jammu and Kashmir','D',52748),('STUP10019','Martina',1000000019,'2019-02-06','2021-01-04',1000009,'Appliances','neque@turpis.ca',31,1999999982,'Kerala','E',25988);
/*!40000 ALTER TABLE `startups` ENABLE KEYS */;
UNLOCK TABLES;
/*!40103 SET TIME_ZONE=@OLD_TIME_ZONE */;

/*!40101 SET SQL_MODE=@OLD_SQL_MODE */;
/*!40014 SET FOREIGN_KEY_CHECKS=@OLD_FOREIGN_KEY_CHECKS */;
/*!40014 SET UNIQUE_CHECKS=@OLD_UNIQUE_CHECKS */;
/*!40101 SET CHARACTER_SET_CLIENT=@OLD_CHARACTER_SET_CLIENT */;
/*!40101 SET CHARACTER_SET_RESULTS=@OLD_CHARACTER_SET_RESULTS */;
/*!40101 SET COLLATION_CONNECTION=@OLD_COLLATION_CONNECTION */;
/*!40111 SET SQL_NOTES=@OLD_SQL_NOTES */;

-- Dump completed on 2020-04-28 12:16:23
